aaaaaah;
aaasssassssss;asas
aamiin;amin
aapa;apa
abakan;adakan
abcd;
abdetan;
abdetanya;update
abdetnya;update
abg;kakak
abiezzz;habis
abisnya;habisnya
abng;kakak
abyan;
acakan;acakkan
acc;akun
accaount;akun
accelerationlebih;percepatan lebih
accelerationseperti;percepatan seperti
accessories;aksesoris
accounti;akun
accountwhen;akun kapan
acedan;ace dan
acik;seru
acoun;akun
activate;diaktifkan
adaa;ada
adaatau;ada tahu
adag;ada tidak
adaintoh;adakan itu
adakalanya;ada kalanya
adala;adalah
adalahmakan;adalah makan
adalan;adalah
adapakah;ada apakah
adaq;ada
adasedikinterkurangan;ada sedikit terkurang
adding;menambahkan
adeh;aduh
adehh;aduh
adem;dingin
adequate;memadaikan
admindeveloper;admin developer
adreno;adrenalin
adroid;android
aduhhdiperbaiki;aduh diperbaiki
aduhhhhlama;aduh lama
afan;setelah
aftermat;akibat
aftermatch;setelah pertandingan
aftermath;akibat
agaar;agar
agam;agar
agamagda;agamanya
agat;agar
agats;agar
agi;lagi
agrep;upgrade
ahaaayyy;haha
ahahahhaha;haha
ahhhh;ah
ahirahir;akhirat
ahkirnya;akhirnya
aidorop;air drop
aipon;iphone
airpadahal;air padahal
airsudah;air sudah
ais;nice
ajaaku;ajak aku
ajab;saja
ajabintang;saja bintang
ajacuma;saja hanya
ajadan;saja dan
ajafilenya;saja filenya
ajagak;saja tidak
ajagame;saja game
ajagitu;saja begitu
ajahem;saja
ajakalau;saja kalau
ajakiranya;saja kiranya
ajamendingan;saja lebih baik
ajasaya;saja saya
ajastill;saja
ajatadi;saja tadi
ajatiada;saja tiada
ajaudh;saja sudah
ajaupdate;saja update
ajay;anjing
ajayy;anjing
ajgbanyak;anjing banyak
ajggggg;anjing
ajhtolong;anjing tolong
aji;anjing
ajib;haha
ajin;haha
ajngmasa;anjing masa
ajpada;saja pada
ajsjj;
ajukan;ajukkan
ajustmen;pengaturan
akhirakhir;akhir akhir
aki;akhir
akk;aku
aksih;akukasih
aktiv;aktif
akuh;aku
akukan;aku
akum;akun
akung;akun
akuntanpa;akun tanpa
akuntolong;akun tolong
akuyaudah;aku ya sudah
ala;
alaala;
alamakkk;alamat
alasany;alasannya
alay;berlebihan
alby;
alhamdulilah;
alhamdullilah;
alirido;
alive;hidup
allhamdulilah;
alloh;
almost;hampir
alot;banyak
alsan;alasan
alsnosns;
also;juga
amanaman;keamanan
amanan;aman
amazinh;luar biasa
ambau;
ambdet;update
aminn;amin
aminnn;amin
amizing;luar biasa
amongus;among us
amping;maaf
ampuh;maaf
ampundh;maaf sudah
ampunudah;maaf sudah
amu;
amun;
anakanak;anak anak
anakbalikin;anak balikkan
analok;analog
anank;
ancurin;hancurkan
andiiphone;dan iphone
androit;android
aneeeehkalo;aneh kalau
aneehhh;aneh
anehan;aneh
anehaneh;aneh aneh
anehhhhhhh;aneh
anehmasih;aneh masih
anehnyaini;anehnya ini
angat;sangat
animation;animasi
aniversery;ulang tahun
anjas;anjing
anjaybagusan;anjing bagus
anjaymentangmentang;anjing
anjayy;anjing
anjayyyyy;anjing
anjayyyyyyyyyyyyyyyy;anjing
anje;anjing
anji;anjing
anjiiirrr;anjing
anjiinnggg;anjing
anjink;anjing
anjirapa;anjing apa
anjirrr;anjing
anjjir;anjing
anjurkan;menyarankan
anjyang;anjing yang
anlama;lama
annjing;anjing
anoying;mengganggu
anroid;android
antialiasing;anti aliansing
antiban;anti banned
anyin;anjing
anymore;lagi
anymoreand;lagi dan
aowkwokeenskaklamskrdlamwksmksnsoskakwjowjwowjakakwkkwoakwowkwowkpwkwowkwowksokwpwkaowkaowkwkwkowkwowkwkwaoamoakaoakwkskajaknakajskjsksnakanskjakamakajaknakajaksklwmwlejslswknsosksosklakalakaokaoakaowkwpwkowkwowkwosjdhjdxbhd;haha
apaansi;apa ini
apadikit;apa sedikit
apahh;apa
apakahbagusya;apakah bagus ya
apakh;apakah
apala;apakah
apalagu;apa lagi
apanya;apa
apapu;apapun
apasii;apa ini
apdatenya;update
apdetannyaselesai;update selesai
apdret;upgrade
apdte;update
apgred;upgrade
apiik;bagus
apik;bagus
aplagilah;apalagi
aplikasinua;aplikasinya
aplikasinyamsih;aplikasinya masih
aplikasix;aplikasinya
apocalypse;wahyu
application;aplikasi
apun;apapun
aqpun;akupun
araneh;aneh
arenakarakter;arena karakter
arenasaya;arena saya
arnolddll;
asaap;asap
asalammualaikum;
ashik;seru
ashu;anjing
asiaaaa;asia
asikga;seru tidak
ask;bertanya
asliny;aslinya
aslinyahidup;aslinya hidup
asm;asam
ass;
assault;assault
assidqi;
assik;seru
astagaterlalu;
astahpiruwloh;
asuuuuuuuuu;anjing
aswv;anjing
asyek;seru
atasiterima;atasi terima
ataudari;atau dari
ataw;atau
atom;
atos;
atua;
aun;
automaticly;otomatis
automatis;otomatis
autorize;mengotorisasi
awalbnyangin;awal banyak yang
awalpenyimpanan;awal penyimpanan
awet;tahan lama
awikwok;haha
awrah;
axtrem;ekstrem
ayangg;sayang
ayayayaaayayayayayyayayayayayayyayayayyayay;ya
aylh;ayolah
ayonima;ayo ini
ayuk;ayo
azik;seru
babagi;bagi
babbab;
babiketu;babi
babiy;babi
baby;bayi
bacodsiaa;banyak bicara anda
bacott;banyak bicara
baet;baik
bagat;bagai
bagay;bagai
bagiman;bagi
bagnteuyyuuuuii;bantai
bagsat;bodoh
bagt;bodoh
bagunan;bangunan
bagusbagnt;sangat bagus
bagusbangat;sangat bagus
baguscukup;cukup bagus
baguscuman;bagus hanya
bagusgragik;bagus grafik
bagusjadi;bagus jadi
baguskalo;bagus kalau
baguskarena;bagus karena
baguskoneksi;bagus koneksi
bagusmahal;bagus mahal
bagusmending;bagus hanya lebih baik
bagusmeskipun;bagus meskipun
bagusmi;bagus
bagusmohon;bagus mohon
bagusnamun;bagus namun
bagusokelah;bagus
bagusram;bagus ram
bagusscuma;bagus hanya
bagussekarang;bagus sekarang
bagussemakin;bagus semakin
bagusseru;bagus seru
bagusssssssssssssssssssssssssssssshj;bagus
bagusstabillsaat;bagus stabil saat
bagussudah;bagus sudah
bagustaoi;bagus tetapi
bagusterima;bagus terima
bagustetapi;bagus tetapi
bagustlong;bagus tolong
bagustpi;bagus tetapi
bagusv;bagus
bagusya;bagus ya
bagut;bagus
baguttapi;bagus tetapi
baguz;bagus
bai;baik
baikcontoh;baik contoh
baikkkk;baik
baiksaran;baik saran
baiktapi;baik tetapi
bait;baik
bajingn;bajingan
bajirut;
bal;
balad;
balakang;belakang
bale;balas
bales;balas
balesan;balasan
balikikan;balikkan
baling;
bamyak;banyak
bandigan;bandingkan
banet;banned
bangaet;sangat
bangast;bodoh
bangattolong;sangat tertolong
bangbanyak;banyak
bange;sangat
bangeeet;sangat
bangetakun;sangat akun
bangetbug;sangat bug
bangetchipset;sangat chipset
bangetdengn;sangat dengan
bangetga;sangat tidak
bangeth;sangat
bangetorang;sangat orang
bangetttttttt;sangat
bangetttttttttt;sangat
bangetttttttttttt;sangat
bangetttttttttttttttttttttttttttttttttttttttttttttttttttttttttttttttttttttttttttttttt;sangat
bangget;sangat
bangkemain;main
bangsaitu;bangsa itu
bangsusah;sulit
bangtpii;tetapi
bangunanrumah;bangunan rumah
bangustapi;bagus tetapi
banhhhhhlemah;lemah
banhj;
bannedmohon;banned mohon
banning;banned
banpadahal;banned padahal
bansat;bodoh
bant;bantu
bantuanakun;bantuan akun
bantubiar;bantu agar
banyakapakah;banyak apakah
banyakbesar;banyak besar
banyakhp;banyak hp
banyakk;banyak
banyakkebanyakan;banyak kebanyakan
banyakoke;banyak ok
banyakya;banyaknya
banyang;banyak
banyet;banyak
bapa;ayah
baperan;bawa perasaan
bapukan;bawa perasaan
baratkemaren;berat kemarin
barengggg;bareng
barengpubg;bareng pubg
barubaru;baru baru
barudakbuakarrrr;bakar
barugak;baru tidak
barui;baru
barukayak;baru seperti
barulivik;baru livik
barumain;baru main
barunyabiar;barunya biar
basattttttttttttty;bodoh
bastard;
batalkanapa;batal kenapa
batasmohon;batas mohon
batgwt;
bati;
batl;pertarungan
battelground;medan pertarungan
battery;baterai
batur;
bawahtunggu;bawah tunggu
bawak;bawa
bawasan;wawasan
baxk;baik
bazoka;
bba;
bbbaanngettttttttttt;sangat
bbbbbbbbbbbbbbbbbbbbbbbbbb;
bbbbhhhggggggggggcjfjfjcjcjcjgjvkvkvkvkvkvkvkvmvmvmvmvkvjfjfjfjcjcjcjcjfjcjfjcjcjcjcjcjcjcjcjcjcjcjcjchfydhfhfhfhfufhfhfhfufhchfhxhdhdhchchchchchfhchchdhdydydhydhdudhfhfhchcjitigigigigjvjvjcjcjcjcjcjfjfjfhdbxhdgsgsgzgxhdbcb;
bbbfbdbhdhehnenehhejehehhrjrhdhdhhfhrhhrhrhrhrhhdhdhjejehdhjdhrhhdhbv;
bbm;bahan bakar minyak
bbrp;beberapa
beaar;beruang
bear;beruang
beberapat;beberapa
becasue;karena
beermain;bermain
beeuuh;
beganti;berganti
begete;
begituminn;begitu admin
bego;bodoh
begooo;bodoh
begoooo;bodoh
behehehe;haha
bejanoh;
belendung;bendung
belli;beli
beloom;belum
belumm;belum
bembakin;tembak
bembaruan;pembaharuan
benarin;benarkan
bend;banned
benernya;benarkan
benet;banned
bengeut;sangat
berahir;berakhir
beratbye;berat selamat tinggal
beratin;berat
beratjadi;berat jadi
beratmasak;berat masa
beratmohon;berat mohon
beratping;berat jaringat
beratsemga;berat semoga
berattt;berat
beratus;berat
bereskan;selesaikan
bergendre;bergenre
berharapitudimusnahkan;berharap itu dimusnahkan
berikam;berikan
berisik;berisik
berjaln;berjalan
berkalai;berkala
berkaryahidup;berkarya hidup
berkliaran;berkeliaran
berkurangjangan;berkurang jangan
berkurangoke;berkurang oke
berlagaa;berlaga
bermaian;bermain
bermaindan;bermain dan
bermainjadi;bermain jadi
bermainmasa;bermain masa
bermin;bermenit
bernang;berenang
berprilaku;berperilaku
bersangkutanapakah;bersangkutan apakah
bersemngatbuntuk;bersemangat untuk
bershabat;bersahabat
bertanyaamengapa;bertanya mengapa
berubahsya;berubah saya
besarjadi;besar jadi
besarkarna;besar karena
besarlama;besar lama
besarmasa;besar masa
besarthanks;besar terima kasih
besempak;
betahh;nyaman
betooool;betul
beuhh;
beuhhhngelag;jaringan lambat
bgd;bodoh
bgettjangan;sangat jangan
bgitu;begitu
bgmn;bagaimana
bgni;bagaimana ini
bgpinjem;pinjam
bgss;bagus
bgsss;bagus
bgtgiliran;sangat giliran
bgtkek;sangat seperti
bgtttdi;sangat di
bgusin;bagus
bgussss;bagus
bhahahahahahaha;haha
bhuahuahua;haha
biasabiasa;biasa biasa
biasah;biasa
biasanyadi;biasanya di
biash;biasa
bida;bidik
bikang;bilang
bikinnya;buatnya
bilvyyuuunljjj;
binatan;binatang
bingtang;bintang
bingtanya;bingung tanya
binjat;binjai
binntang;bintang
bintangcara;bintang cara
bintangkarna;bintang karena
bintangterimah;bintang terima kasih
bintangx;bintangnya
bisaaku;bisa aku
bisako;bisa aku
bisamakin;bisa makin
bisamohon; bisa mohon
bisapdhl;bisa padahal
bisatombol;bisa tombol
bismillahirrahmanirrahim;
biss;bisa
bitier;peringkat
biwan;
bkanya;bukannya
bklan;akan
blabla;
blablablabla;
blackpinknya;black pink
blakang;belakang
blaming;
blckpnk;black pink
ble;
bli;beli
blik;balik
bljar;belajar
blng;bilang
blo;belum
blomm;belum
blsjuga;balas juga
bnag;
bngetgiro;sangat giro
bngettlong;tolong
bngtttt;sangat
bnnyak;banyak
bntr;sebentar
bnyakan;kebanyakkan
bnyakn;banyakkan
bobo;tidur
bobol;retas
bodynya;badannya
bohhong;bohong
bok;
bokep;
bolah;boleh
bole;boleh
bolehh;boleh
bolehin;bolehkan
bolehlahh;bolehkan
bonyok;banyak
boom;bom
booming;meledak
boonghh;bohong
boostingan;meningkatkan
boret;boros
borosberat;boros berat
bosangara;bosan sebab
bosanmakin;bosan makin
bosann;bosan
bosannn;bosan
bosenin;bosan
bosenn;bosan
bosku;bos
boskukebanyakan;kebanyakan
bosngeleg;sinyal lambat
bosq;bos
bostapi;bos tetapi
botdan;bot dan
botjdi;bot jadi
botplayerhotspot;bot pemain hostpot
bottapi;bot tetapi
bottomppppppppppppp;bawah
boy;laki
boyband;
brathan;berat
bright;cerah
brimob;brigade mobile
brkaitan;berkaitan
brmasalah;bermasalah
broh;saudara
brokenwal;dinding rusak
browsing;menjelajah
brtading;bertanding
bruh;baru
brulang;berulang
brust;kasar
bsia;bisa
bsjsjd;bisa jadi
btul;betul
buagus;bagus
bucinan;budak cinta
bueknyo;baiknya
bufferingnya;buffering
buga;bug tidak
bugada;bug ada
bugampundah;bug maaf sudah
bugantara;bug antara
bugapakah;bug apakah
bugatau;bug atau
bugcheaterdan;bug cheat dan
bugcheatframengeleg;bug cheat macet sinyal lambat
bugcuman;bug hanya
bugdeveloper;bug pengembang
bugdi;bug di
bugdimohon;bug  di mohon
bugentah;bug entah
bugevent;bug event
bugframe;bug
bugframelagdi;bug sinyal lambat di
bugggggggggg;bug
buggmn;bug bagaimana
bughapuss;bug hapus
bughp;bug handphone
bugis;bug
bugjika;bug jika
buglag;bug sinyal lambat
buglagerorrdlltolong;bug lagi tolong
buglama;bug lama
bugnyakurng;bug kurang
bugpingkadang;bug sinyal kadang
bugpls;bug tolong
bugsakjane;bug
bugspectatorrecall;bug penonton
bugsuara;bug suara
bugtampilan;bug tampilan
bugtapi;bug tetapi
bugtdm;bug team deathmatch
bugy;bug
bugyang;bug yang
bujang;lajang
bujanginam;jangan
bukaini;buka ini
bukanx;bukannya
bukapadahal;buka padahal
bukaseharus;buka seharusnya
bukatolong;buka tolong
bukin;bukti
buktibukti;bukti bukti
buktisaya;bukti saya
bundleskin;bundle skin
bup;bug
buriiq;grafik buruk
burikiiiiiiiiiiii;grafik buruk
burikkkkkkkk;grafik buruk
burikkkkkkkkkkkk;grafik buruk
burikkkkkkkkkkkkkkkkkkkkkkkkkkkkkkkkkkkkk;grafik buruk
burikkurang;grafik buruk kurang
burikrom;grafik buruk
buriktidak;grafik buruk tidak
buriktolo;grafik buruk tolong
buriqeue;grafik buruk
bursh;meletus
bust;menyergap
busy;sibuk
buung;bohong
bwah;bawah
bwanget;sangat
bwau;bau
byar;bayar
byee;selamat tinggal
cabaye;coba ya
cabul;mesum
cacaat;cupu
cacatlah;cupu
cacatttt;cupu
caci;
caghe;cache
cambek;kembali
camper;cari 
capacity;kapasitas
capat;cepat
capekcapek;lelah lelah
capekk;lelah
capture;gambar
cba;coba
ccccccccc;
ccd;
ccvcvvvvbcbbdhdhdhdhdhdhdhdhdhdhhdhdhdhdhdhdhhhfbdvvdvdvvdvdvdvdvvdvvdvdvbdbbdbsksijsbdbdbhdjejjdhdbdbbsbsbbsbshwjjsbsbbbcblhhcjlcdjgxkjfxjfxkdvdv;
ceb;
cekegd;
cekik;
celeg;babi
cenderung;cenderung
cepatkanksian;cepatkan kasihan
cepek;spesifikasi
cepset;chipset
cer;cerah
ceweknya;wanita
challenge;tantangan
challenging;tantangan
champion;juara
championship;kejuaraan
chance;peluang
chancenya;peluangnya
chapter;bab
characterakhirnya;karakter akhirnya
charge;mengenakan biaya
charnya;karakternya
cheatbesok;cheat besok
cheatcheat;cheat cheat
cheatconfigh;cheat config
cheatercheater;cheat
cheateritu;cheat itu
cheaterrrr;cheat
cheatersekian;cheat sekian
cheating;cheat
cheatkalau;cheat kalau
cheatkenapa;cheat kenapa
cheatnyaklo;cheat
check;memeriksa
cheerpark;cheer park
cheeterbugmap;cheat bug peta
cherr;cheat
chetear;cheat
cheternya;cheat
cheting;cheat
chetnya;cheat
chikenya;chicken
chiternia;cheat
chittermengecewakan;cheat mengecewakan
cie;
cieken;chicken
cimtak;cinta
cinematic;sinematik
cino;
cips;
cipshet;chipset
citermasa;cheat masa
ckup;cukup
classik;klasik
click;klik
clip;klip
clothes;pakaian
cmak;hanya
cnock;ketukan
cobalok;coba
cobamasih;coba masih
coco;
coda;
codmsangat;call of duty mobile sangat
coi;
coin;koin
colaboration;kolaborasi
coldown;tenang
colii;
collabnya;kolaborasi
collabs;kolaborasi
colling;kolaborasi
comentbagus;komentar bagus
comfortably;nyaman
community;komunitas
compiling;kompilasi
complain;mengeluh
complane;mengeluh
compuiterbanyak;komputer banyak
computer;komputer
concu;penakluk
conectcion;menghubungkan
conection;menghubungkan
configkenapa;konfigurasi kenapa
confing;konfigurasi kenapa
connec;menghubungkan
connections;menghubungkan
cookkk;
cooling;pendinginan
corporationplease;tolong perusahaan
corupted;rusak
costum;kostum
countdown;hitung mundur
cowk;laki laki
cpat;cepat
cra;cara
crashbug;kerusakan
cratee;peti
cratenya;peti
creating;menciptakan
creet;peti
crispi;
cristiano;
croscek;cek silang
cry;sedih
cucokkk;
cukkkkkk;
cukp;cukup
cukupcoba;cukup coba
cukupkta;cukup kata
cumanbanyak;hanya banyak
cumann;hanya
cumantolong;hanya tolong
cumen;hanya
cyghvytnfhfhvjchcjfjfucjcjcjchchxhxhxhcjvjfhchcjchchcjfjcncjfhfhcjfhcncjfbcbchchchxhxhxhbdhchchchchchcudhduududuufuffjfjdfjfjffhfhfj;
daahhh;sudah
daapt;dapat
dadar;dadar
dadi;tadi
dahgo;sudah
dahhhhhhhh;sudah
dahsemua;sudah semua
daji;
dakjall;
dal;dalam
dalemnya;dalamnya
damagee;kerusakan
damagepas;kerusakan saat
damagerasa;kerusakan rasa
damianus;damai
dancok;anjing
dancuk;anjing
dandan;dan
dansuara;dan suara
danta;
dapatkm;dapat kamu
dapetdan;dapat dan
dares;
datakering;data kering
datany;datanya
datapenyimpanan;data penyimpanan
datatolong;data tolong
dauload;mengunduh
daulot;mengunduh
dava;dapat
dawnload;mengunduh
dayax;dayanya
dbdowload;mengunduh
dbmainkan;dimainkan
dcdc;
ddi;di
deang;
death;mati
debes;terbaik
dedgem;game
dehcapeeee;lelah
dekgua;aku
delate;hapus
delaynya;delaynya
delevor;pengembang
demege;kerusakan
demegelawan;kerusakan
demegg;kerusakan
demek;kerusakan
demekbug;kerusakan bug
dengartolong;dengar tolong
dengen;dengan
dengerin;dengarkan
dep;
depeding;tergantung
deplover;pengembang
depovoler;pengembang
depvlover;pengembang
destroyed;hancur
deuuhhhh;
developed;pengembang
developerkenapa;pengembang kenapa
developerpublisher;pengembang diterbitkan
developmentsaya;pengembang saya
developpls;pengembang
develovernya;pengembang
deveroper;pengembang
devicenya;perangkat
devise;perangkat
devolper;pengembang
devp;pengembang
devtrus;perangkat terus
devvloper;pengembang
dey;
dgtre;
diaatasi;di atasi
diahapus;di hapus
diamainin;di amankan
diandelin;diandelin
diatasitolong;diatasi tolong
diaturkarena;diatur karena
dibagusin;bagus
dibaikin;dibaik
dibanyakin;banyak
dibeneringame;dibenarkan game
diber;
dibetulin;dibetulkan
dibetulinn;dibetulkan
dibiarin;dibiarkan
dibukabagaimana;di buka bagaimana
diemin;diam
different;berbeda
difitnah;
digamplay;game play
digede;dibesarkan
digimanain;dibagaimana
dih;sudah
dihapuss;dihapus
dihhhhhh;sudah
dihidupin;dihidupkan
dii;di
diinstal;memasang
diipad;di ipad
dikarnakan;dikarenakan
dikasi;di kasih
dikatain;katakan
dikitlari;sedikit lari
dikondisikn;dikondisikan
dikuragin;dikurangkan
dikurangikasihanilah;dikurangi kasihan
dilai;di lain
dilamain;di lamanya
dile;di
diley;delay
diloginin;diloginkan
dilogininn;diloginkan
dimacth;dimatch
dimahalin;di mahalkan
dimainain;dimainkan
dimaininselalu;dimainkan selalu
dimaksimalkann;dimaksimalkan
dimasukin;di masukkan
dimattin;di matikan
dimurahin;dimurahkan
dindingsama;dinding sama
dingding;dinding
dinlo;mengunduh
dinperbaikin;diperbaikan
dinu;
dinya;
dioptimalin;di optimalkan
dipakaimohon;di pakai mohon
diperbaikisangat;di perbaiki sangat
diperbaikisaya;di perbaiki saya
diperbaikithanks;di perbaiki terima kasih
diperbaoki;di perbaiki
diperbayakan;di perbanyakkan
diperbayik;di perbaiki
diperbesarmakin;di perbesar makin
diperjelasin;di perjelasin
diperlambat;lambat
dipermukaaneh;dipermukaan
dipertebalkarena;dipertebal karena
dipgang;di pegang
diprcepat;di percepat
diprmudh;di permudah
diracall;di recall
direkomendasikandan;direkomendasikan dan
direvive;di revive
diringain;di ringankan
disain;desain
disamain;disamakan
disappointed;kecewa
disappointing;mengecewakan
disatuin;disatukan
disayangngkan;disayangkan
discard;membuang
disinimasa;disini masa
diskem;
dislike;benci
dismooth;halus
disni;disini
display;menampilkan
dissconnect;memutuskan
distop;berhenti
disturbed;terganggu
ditemenin;ditemankan
diterimamalah;diterima ternyata
ditindaklanjuti;di tindak lanjuti
ditindaklanjutitrima;di tindak lanjuti terima
ditingkatknbiar;ditingkatkan biar
ditower;dimenara
diupdatedan;perbaharui dan
divece;perangkat
diviu;melihat
dkarnakan;dikarenakan
dkasih;dikasih
dkd;
dkk;
dllpadahal;dan lain lain padahal
dllu;dahulu
dlsoal;disoal
dlumin;dahulu
dlusaya;dahulu saya
dlusoalnya;dahulu soalnya
dluuu;dahalu
dmaage;kerusakan
dmode;dimode
dnld;mengunduh
doanganehlah;aneh
doanggimana;saja bagaimana
doangjaringan;saja jaringan
doangs;saja
dodge;
doenload;mengunduh
doh;
dohhh;sudah
dol;
dolanan;
dolno;
dolwaod;mengunduh
dolwaodnya;mengunduh
dolwaodtiba;mengunduh
domination;dominasi
don;saja
dongapa;apa
dongbisa;bisa
dongbosen;bosan
donge;saja
donggg;saja
donggua;saya
dongkami;kami
dongload;mengunduh
dongloat;mengunduh
dongo;bodoh
dongseperti;seperti
dongudah;sudah
donkpliss;tolong
donlload;mengunduh
donloadending;mengunduh
donloadx;mengunduh
donloat;mengunduh
donloawt;mengunduh
donng;saja
donwold;mengunduh
doong;saja
doonk;saja
dor;
dorr;
dounload;mengunduh
douwnload;mengunduh
dow;mengunduh
dowlnod;mengunduh
dowloand;mengunduh
dowlog;mengunduh
dowlon;mengunduh
downlad;mengunduh
downlaod;mengunduh
downloadaneh;mengunduh aneh
downloadapalagi;mengunduh apa lagi
downloadgmn;mengunduh bagaimana
downloadjdi;mengunduh jadi
downloadupdate;mengunduh memperbarui
downloasmulu;mengunduh terus
downlond;mengunduh
downoad;mengunduh
downolad;mengunduh
downrate;merendahkan
dowonlod;mengunduh
dowwlod;mengunduh
dpe;dapat
dpenukaran;penukaran
dperbaikkin;diperbaikkan
dptrs;dapat terus
dqi;dari
dragon;naga
dripda;daripada
droep;menjatuhkan
dropmakasih;menjatuhkan terima kasih
droup;menjatuhkan
dsn;disana
dtg;datang
duak;dua
duckduckgo;bebek bebek
duduudueeued;
due;
dufff;
dukurang;kurang
duluasem;dulu
duludimana;dulu dimana
duludulunya;dulu dulunya
dulukarna;dulu karena
dulumain;dulu main
dulusoalnyah;dulu soalnya
duluteman;dulu teman
dulutolong;dulu tolong
dulutrus;dulu terus
duluuu;
dund;
dungs;
dunk;
duojd;
duonload;mengunduh
duwonlod;mengunduh
dwlod;mengunduh
dwnload;mengunduh
dwoloadnya;mengunduh
ears;telinga
easier;lebih mudah
editing;mengedit
edol;
eeehhh;
eeg;
eehhh;
eendiri;sendiri
eep;
eeuhh;
efaluasi;evaluasi
efen;acara
eheh;
ehem;
ehm;
ehsekadar;sekadar
ehtapi;tetapi
ejgaming;
ekaor;
eksentrisitas;keanehan
elah;
eleg;
elw;
emam;
embel;
embelnya;
emboh;
emosikakean;emosi
emoticon;emoji
emu;emulator
emulatorr;emulator
emvor;
enakin;nyaman
enakleg;nyaman
endal;
eneg;
enek;
enggan;tidak
engh;tidak
engku;tidak
englag;
enngga;tidak
entag;entah
entak;entah
entengan;mudah
entengnya;mudah
entuds;
eoiii;
epepkasihan;kasihan
erangelnya;erangel
eregel;erangel
erooorr;error
erorrr;error
erortencent;error tencent
errangel;erangel
erro;error
errormulu;error terus
errorrgambar;error gambar
erti;mengerti
esih;mengerti
etc;
eva;
evaluasipadahal;evaluasi padahal
evan;acara
eveloper;pengembang
evenya;acara
everybadih;semuanya
everyone;setiap orang
everything;semuanya
everywhere;di mana pun
evo;
excellent;bagus sekali
exclusive;eksklusif
exit;keluar
experince;pengalaman
explode;meledak
expo;
ezz;
fabjiitubague;pubg itu bagus
facebookcobalah;facebook cobalah
faceka;facebook
faild;gagal
fairly;cukup
fake;palsu
faktor;faktor
fandom;random
fans;penggemar
fantatsty;fantastis
farhan;fantastis
fata;fantastis
fauk;
fayer;pemain
fberkurang;berkurang
fbpas;facebook saat
fcde;
fcforce;paksa
fecebook;facebook
feelnya;merasa
fef;
ffaku;aku
ffmana;mana
ffmksih;terima kasih
ffml;
ffre;
fgb;
fhoto;foto
fifayer;pemain
fight;bertarung
fil;mengisi
fileny;filenya
filesi;filenya
filtur;fitur
fir;
firee;api
fireee;api
firtual;virtual
fiturdikit;fitur sedikit
fiturterbaru;fitur terbaru
five;lima
fixlah;tetap
fixxx;tetap
flag;bendera
fleksdevin;fleksibel
fnes;
focus;fokus
fold;melipat
follow;mengikuti
followup;menindaklanjuti
forceclose;tutup paksa
forever;selama lamanya
forti;
fpsan;
fpsdah;
fpslol;
fpsna;
fragman;
framdrop;frame drop
framean;frame
framedropnya;frame dropnya
frameset;frame
frametolong;frame tolong
fre;frame
freezehanya;membekunya
frekuensi;frekuensi
fremmnya;frame
frezze;membekunya
fri;teman
friendlist;daftar teman
friends;teman
frime;frame
frrefire;free fire
fty;
fubgasli;pubg asli
fufhfutigigiwfhufuigighigjugjgighugjjggvghhggvvgggggghhhhdxc;
fullmasalah;penuh masalah
;
gaaa;tidak
gabaguss;tidak bagus
gabutan;bosan
gabutt;bosan
gacah;spin
gagalcoba;gagal coba
gagalsalah;gagal salah
gagaltolong;gagal tolong
gage;game
gajih;gaji
gajls;tidak jelas
gakeliatan;tidak kelihatan
gaklancarr;tidak lancar
galak;seram
galama;selama
gamasuk;tidak masuk
gambarx;gambarnya
gamea;game
gameaku;game aku
gamebugs;game bug
gameharam;game haram
gamei;game
gameina;game
gamejadi;game jadi
gamejangan;game jangan
gamekadang;game kadang
gamekalau;game kalau
gamekebanyakan;game kebanyakan
gameko;game
gamemalah;game ternyata
gamemasa;game masa
gamemasuk;game masuk
gamemeski;game meski
gamengellek;game
gamenggak;game tidak
gamenyabtrllu;game terlalu
gamenyaketika;game ketika
gamenyarugi;game rugi
gameorangkaya;game orang kaya
gamepengen;game ingin
gamesetiap;game setiap
gamestapi;game tetapi
gametell;game
gamexnglek;gamenya
gameyabagus;game ya bagus
gameyaitu;game yaitu
gamingbagi;game bagi
gamingggggg;game
gamingnya;game
gampangnya;mudah
gampelay;game play
ganbungin;gabung
gandoos;
gangguanbali;gangguan
gangu;ganggu
gantung;gantung
gapake;tidak pakai
gapapalah;tidak apa apa
gapeduli;tidak peduli
gaperlu;tidak perlu
gapp;tidak apa apa
gapunya;tidak punya
garagame;sebab game
garatis;gratis
gaser;
gasil;hasil
gasken;
gatertarik;tidak tertarik
gatsu;
gazebo;
gbgb;
gbhp;
gblkk;bodoh
gbsiang;siang
gbsudah;sudah
gbt;bosan
gde;besar
gebak;bug
gebang;gerbang
gebuk;
gedegede;besar besar
geemnya;game
gefeg;lag
geframe;frame
gegeh;permainan bagus
geh;
gejala;gejala
gelak;
gelapamunisikitgranatsmock;gelap amunisi kita granat asap
gelapsaya;gelap saya
gelem;masuk
gemaplay;gameplay
gemeiniharam;game ini haram
gemem;game
geminibiar;biar
gemink;game
gemnyaa;game
gempley;gameplay
gemsnya;
gendre;
gene;
genesis;
genteng;
genti;
gentot;
gerakspectate;gerak penonton
geraris;gratis
gerati;gratis
gete;
gets;mendapat
geu;
gewe;game
ggamenya;game
ggun;tidak
gibahsama;gibah sama
gidu;
gigatdk;tidak
gilaudh;gila sudah
gill;
gima;bagaimana
gimanapake;bagaimana pakai
gimanasi;bagaimana
gimanawkwk;bagaimana
gimbot;game
gitubintang;begitu bintang
gitukan;begitu
gitulo;begitu
gitupadahal;begitu padahal
gitusaya;begitu saya
gitutapi;begitu tetapi
gituusaya;begitu saya
gituuuuuuu;begitu
gjbhjcmycuthuyhbycycyyycuccyycycycycycucucyfnycch;
gjf;tidak
gkfoom;tidak
gkk;tidak
gkpunya;tidak punya
glaciernya;
glance;
glasierud;
glcxpenom;
glek;
glicher;giliran
glirn;giliran
gloeal;
glran;giliran
glub;klub
gmailnya;gmail
gmeny;game
gmenya;game
gmnenihh;bagaimana
gne;begitu
gnramah;ramah
goblk;bodoh
goblokkkkk;bodoh
goggle;google
gokil;lucu
gokilllllll;lucu
gonyang;
goodaja;bagus saja
goodddd;bagus
goodgame;permainan bagus
goog;google
googel;google
googleakun;google akun
goole;google
gosting;tiba tiba menghilang
gotongin;gotong
gowe;aku
gozaimashu;terima kasih
grade;nilai
grafikdan;grafik dan
grafikgame;grafik game
grafiknnya;grafiknya
grafiknyaa;grafiknya
grafikxdi;grafiknya di
grafistidak;grafik tidak
grafit;grafik
grafitasi;gravitasi
granade;granat
granate;granat
grapic;grafik
grapicnya;grafiknya
grasstidak;gratis tidak
gratisanandaikan;gratis andaikan
gratisanbiasa;gratis biasa
gratisanv;gratis
gratisbisa;gratis dbisa
grtis;artis
gsme;game
gta;gta
gto;begitu
gtutolong;begitu tolong
gtuu;begitu
gtx;
gtya;begitu
guadan;hai dan
guan;guan
guanakn;gunakan
guba;coba
gubuk;gubuk
guess;saya
guga;
gunci;kunci
gundul;gundul
guoblok;bodoh
gut;
guweitu;
guyon;
gxgsjsixushsidugssishxhjsuxxhdjdjdjshxhsodxhsjsjxhsuaoqkhdplaxxbgshbxbxsgsjkzhhdydidodidjdhxhxyoakazbhxxgxjdhxbxtiwjsbxgxyswjiwoskdnxjsusodkkxxhyssydjshssuusososjshdysisksjsyxuxjs;
gyli;
gym;
gyriscop;giroskop
gyrosqta;giroskop
haahahahaa;haha
haanya;hanya
habib;habis
habisjaringan;habis jaringan
habisparah;habis parah
habisss;habis
habur;habis
haburkan;habiskan
habus;habis
hackitu;retas itu
hackmelalui;retas melalui
hackmohon;retas mohon
hade;
hadedasar;
hadeeeehhhhh;
hadeeeh;
hadeeehhhh;
hadehhhh;
hadeuuuh;
hadiahnyapun;hadiahnya 
hadian;hadiah
hadoohhhh;
haduuuuh;
haduuuuuhhhhhhh;
hag;haha
hahahah;haha
hahahahaa;haha
hahahahah;haha
hahahahahahahah;haha
hahahahahh;haha
hahahahhahahah;haha
hahahhah;haha
hahhha;haha
haig;haha
hallosaya;hallo saya
halloyang;hallo yang
hancurin;hancur
hangan;sangat
hanjcukkk;
hany;hanya
hapi;hapus
hapu;hapus
haraaammmmmm;haram
harah;haram
harammasih;haram masih
harammmmmmmmmmmmmmmmmmmmmmmmmmmmmmmmmmmmmmmmmmmmmmmmmmmmmmmmmmmmmmmmmmmmmmmmmmmmmmmmmmmmmmmmmmmmmmmmmmmmmmmmmmmmmmmmmmmmmmmmmmmmmmmmmmmmmmmmmmmmmmmmmmmmmmmmmmmmmmmmmmmmmmmmmmmmm;haram
harammmmmmmmmmmmmmnnnmmmmmmmmmmmmnnmmmmmmmm;haram
haramz;haram
haramzz;haram
haran;haram
hardcore;hardcore
harem;harem
hareum;harem
hariterimakasih;hari terima kasih
haruss;harus
hasanudin;
havefunhavefun;selamat bersenang senang
hayu;ayo
hayuukkk;ayo
hazuuu;
hbat;hebat
hdin;
hdoensisppe;
hdtapi;high definition tetapi
head;kepala
headbom;bom kepala
headphone;headphone
heart;jantung
heavier;lebih berat
hedahot;headshot
hedeuyyyg;
hedshot;headshot
heduh;
heeheheheee;haha
hees;tidur
hehbuwid;
hehehaha;haha
heheheh;haha
heheheha;haha
hehehei;haha
helder;pemegang
helem;helm
heli;helikopter
helicopter;helikopter
hella;
hellicopter;helikopter
helloween;helloween
helpful;bermanfaat
helpkill;bantu bunuh
hemmm;
hengsod;headshot
hengsot;headshot
henteu;tidak
hentikang;hentikan
hentinyabahkan;hentinya bahkan
hhahahahawkwkwk;haha
hhhhhaaaaa;haha
hhhhhhhhhhhhhhhhhh;haha
hhhhhhhhhhhhhhhhhhhhhhhhhhhhhhhhhhhhhhhhhhhhhhhhhhhhhhhhhhhhhhhhhhhhhhhhhh;haha
highdomin;kekuasaan tertinggi
highend;kelas atas
higher;lebih tinggi
hilanga;hilang
hilanginbiar;hilangkan biar
hilangkanmode;hilangkan mode
hilangmao;hilang mau
hilangmohon;hilang mohon
hitampadahal;hitam padahal
hitamsetelah;hitam setelah
hithapus;hapus
hiyuk;
hjk;
hmpr;hampir
hoaaaam;
hobby;hobi
hokii;hoki
home;rumah
honkai;
hooh;
hopefully;semoga
hormatimohon;hormati mohon
hoshi;
hotdrop;titik panas
hotspot;hotspot
hpfacebook;handphone facebook
hpq;hapus
hps;hapus
hptetap;handphone waktu
hpwaktu;handphone waktu
hrm;haram
huaaaaaaaa;
huawe;huawei
hub;hubungi
hudiyaaaaaahhhhdddddiiiii;
hudupin;hidup
huhubukan;
huhuhuhuhuhuuhu;
hujanya;hujannya
hujat;
hulan;
huluna;
huu;
huuuuuuu;
huuuuuuuuuu;
huuuuuuuuuuuuuuuuuuuuuuuuuuuuuuuuuuuuuuuuuuuuuuuuuuuuuuuuuuuuuuuuuuuuuuuuuuuuuuuuuuuuuuuuuuuu;
hvubtnhvbgchv;
hyah;ya
hyuk;ayo
iaia;ya
iam;saya
iayarnya;layarnya
ibuaku;ibu aku
ibuterimaksih;terima kasih
idh;sudah
ido;
idzin;
ihanya;hanya
ihh;
iiiiiiiiii;
iiiiiiiiiiiiiiiiiiiiiiiiiiiiiiiiiiiiiiiiii;
iima;
iinieum;ini
ijopake;pakai
ikonik;ikonik
ilangapaan;hilang apa
ilangilang;hilang hilang
ilangpas;hilang saat
ilangudah;hilang sudah
ilng;hilang
ilngin;hilang
iman;iman
impikan;
impo;
improvements;perbaikan
inapp;
increase;meningkat
inernal;netral
inferno;neraka
infife;undang
ingga;tidak
iniatau;ini atau
inibagustapi;ini bagus tetapi
inieror;ini error
inigw;inisaat
iniiibanyak;ini banyak
iniiii;ini
inijangan;ini jangan
inikadang;ini kadang
inikebanyakan;ini kebanyakan
inikogalengkap;ini tidak lengkap
inimic;ini mikrofon
inimksih;ini terima kasih
inio;ini
inipegang;ini pegang
iniperlu;ini perlu
inirugi;ini rugi
inisekarang;ini sekarang
inisemangat;ini semangat
inisiatif;inisiatif
initau;ini tahu
initerimakasih;ini terima kasih
initerutama;ini terutama
iniupdate;ini memperbarui
iniyaitu;ini yaitu
iniyg;ini yang
instant;instan
instead;alih alih
instructions;instruksi
int;internet
interned;internet
internednya;internetnya
internetpadahal;internet padahal
intro;pengantar
inu;itu
inverno;neraka
invesigator;peneliti
invested;diinvestasikan
iqbal;
iredescence;permainan warna
irinin;
isinyawkwkwkwk;isinya
istighfar;
istimewah;istimewa
itemnyh;itemnya
ithejej;
itit;
itorisasi;otoritas
ituaja;itu saja
ituloh;itu
itung;hitung
ituukan;itukan
ityou;itu kamu
iwan;
iwva;
iyeu;ya
iyhahanya;ya
izinkam;izinkan
jadiny;jadinya
jagetot;
jalanyah;jalannya
jamending;lebih baik
jangang;jangan
jariananhan;jaringannya
jariganya;jaringannya
jaringanhnya;jaringannya
jaringannn;jaringannya
jaringannyamau;jaringannya mau
jaringansinyal;jaringan sinyal
jatapi;tetapi
jati;jadi
jatingan;jaringan
jauhsusah;jauh sulit
jdii;jadi
jdiin;jadikan
jefo;jelas
jel;jelas
jelasberat;jelas berat
jelasdan;jelas dan
jelaslebih;jelas lebih
jelasmalah;jelas ternyata
jelasmohon;jelas mohon
jelaspalagi;jelas apa lagi
jelasspadahal;jelas padahal
jelasss;jelas
jelassssssssssssssss;jelas
jelassya;jelasnya
jele;jelek
jeleeeeek;jelek
jeleekkkk;jelek
jelekbanget;sangat jelek
jelekgk;jelek tidak
jelekjadi;jelek jadi
jelekkalo;jelek kalau
jelekkj;jelek
jelekkkkkkkkkk;jelek
jelekkkkkkkkkkkkkkkkkkkkkkkkkkkkkkkkkkkkkkkkkkkkkkkkkkkkkkkkkkkkkkkkkkkkkkkkkkkkkmmkkkkkkkkkkkkkkkkkkkkkkkkkkkkkkkkkkkkkkkkkkkkkkkkkkkkkkkkkkkkkkkkk;jelek
jelekknapa;jelek kenapa
jelekmasa;jelek masa
jelektolong;jelek tolong
jelk;jelek
jelwk;jelek
jembod;
jemin;
jengkelsetiap;kesal setiap
jerk;
jgo;hebat
jhalat;
jiancuk;
jiga;
jing;
jisoo;
jlasrela;jelas rela
jlnrmjrhheiui;
jodi;jadi
jojo;
jok;
jombi;zombie
joosjadi;jadi
jordan;
joss;
jualmasa;jual masa
jugadan;juga dan
jugalama;juga lama
jugatrm;juga terima
juh;juga
juhg;juga
julid;
jumbo;besar
jumlahnyabosan;jumlahnya bosan
jumping;lompat
juvencioap;
jwb;jawab
kaau;kau
kacaukami;kacau kami
kacauu;kacau
kadaluarsa;kedaluwarsa
kadan;kadang
kadangngebug;kadang bug
kadangtuh;kadang itu
kadiulangalahay;kado ulang
kaia;
kaila;
kajung;
kakidan;kaki dan
kaks;
kakudll;kaku dan lain lain
kakutanda;kaku tanda
kalao;kalau
kalbar;kalimantan barat
kalelek;
kaliang;kalian
kalianmungkin;kalian mungkin
kalianpas;kalian saat
kalicuman;sekali hanya
kalii;sekali
kalilawar;kelelawar
kalipun;sekali
kalitapi;sekali tetapi
kaloh;kalau
kalou;kalau
kamentar;komentar
kamidengan;kami dengan
kamin;kami
kamisaya;kami saya
kana;karena
kangn;kangen
kanhp;
kann;
kannn;
kapaaannnnnnn;kapan
kapah;kapan
kapampun;kapanpun
kapasita;kapasitas
karak;karakter
karakinrugi;karakin rugi
karakternyabug;karakternya bug
kararter;karakter
karepmu;terserah
karnakan;karena
karo;dan
kase;kasih
kasia;kasih
kasiankk;kasihan
kasihn;kasih
kasiih;kasih
katro;
kawankawan;kawan kawan
kayadiyem;seperti diam
kbangetan;kebangetan
kcapatan;kecepatan
kcurangan;kecurangan
kcwaaaa;kecewaa
kdoqmcoc;
keandala;kendala
keatcox;
keba;kebal
kebalgk;kebal tidak
kebanyaan;kebanyakkan
kebanyakn;kebanyakkan
kebawahh;ke bawah
kebayak;banyak
kebukak;ke buka
kecewaknp;kecewa kenapa
kecewasaya;kecewa saya
kecewawaktu;kecewa waktu
kecik;kecil
kecilinagar;kecilkan agar
kecilpulau;kecil pulau
kecl;kecil
kecurangankan;kecurangan
kedetek;ke deteksi
kedownload;mengunduh
keejasama;kerja sama
keerastapi;keras tetapi
kegalauantpi;kegalauan tetapi
kegame;ke game
kegem;ke game
kehilanggan;kehilangan
keinget;ke ingat
kejayan;kejayaan
kejenuhuan;kejenuhan
kekk;seperti
kekurangannyadari;kekurangan sadari
kekuras;kehabisan
kelarkelar;selesai
kelarnya;selesai
kelem;santai
kelian;kalian
keliatansuram;kelihatan suram
keliattulisan;kelihatan tulisan
kelih;kelihatan
kelobby;ke lobi
kelonin;klon
keluargame;keluar game
keluarmaaf;keluar maaf
keluarpadahal;keluar padahal
keluhgak;keluh tidak
kelur;keluar
kemapakarna;kenapa karena
kemaribplis;kemarin tolong
kemarimenurut;kemarin menurut
kemaring;kemarin
kemarinlbh;kemarin lebih
kembaikan;kembalikan
kembalii;kembali
kembalimaaf;kembali maaf
kempis;
kemtam;kentang
kemtang;kentang
ken;kenapa
kenaapaaaaa;kenapa
kenapaaa;kenapa
kenapagak;kenapa tidak
kenapah;kenapa
kenapasama;kenapa sama
kendaladeveloper;kendala pengembang
kendalan;kendala
kendaraanya;kendaraannya
keng;kenapa
kenph;kenapa
kentanglow;kentang rendah
kentangmain;kentang main
kentangsekali;kentang sekali
kenting;penting
kenyamana;kenyamanan
kenyamananya;kenyamanan
keong;
kepakay;ke pakai
kepental;terlempar
kepertepuran;pertempuran
kepleset;tergelincir
kepo;bertanya
kepokusan;ke fokus
kepung;dikelilingi
keran;keren
kerap;terap
kerenampe;keren sampai
kereng;keren
kerennnnnnnn;keren
kerensaya;keren saya
kerensih;keren
kerestat;mengulang kembali
keroyok;menyerang
kesalaha;kesalahan
kesalahn;kesalahan
keseringansinyal;keseringan sinyal
keslaahan;kesalahan
kesono;ke sana
ket;keterangan
ketebelan;ketebalan
ketersgan;
ketiban;tertimpah
ketibang;tertimpah
ketidaak;ke tidak
ketir;
ketu;ketuk
ketulung;ke tolong
keupdate;perbaharui
kewalahan;merepotkan
key;kunci
keyagan;
kezelll;kesal
kfv;
kha;
khonthol;game buruk
khusu;khusus
kidding;bercanda
kilometer;kilo meter
kimbek;kembali
kintillllllllll;game buruk
kirikanan;kiri kanan
kismin;miskin
kiyeu;begitu
kkmksh;terima kasih
kliatann;kelihatan
klobisasoal;kalau bisa soal
klogame;kalau game
klos;kalau
klow;kalau
klr;keluar
kls;kelas
klwaku;kalau aku
kmarin;kemarin
kmgknan;kemungkinan
kmtl;kemarin
kna;karena
knockout;mengalahkan
knowits;tahu itu
knpaaa;kenapa
kntdd;game buruk
koar;
koborasi;kolaborasi
kocakkk;
kokkkkk;
koko;
koktapi;tetapi
koktidak;tidak
koktolong;tolong
kokyg;yang
kolo;kalau
kolob;kolaborasi
koloborasi;kolaborasi
kom;
komandandeveloper;komandan pengembang
komfir;konfirmasi
komplain;mengeluh
komplein;mengeluh
kompleinudh;sudah mengeluh
kompreessssss;kompres
koneksikoneksi;koneksi koneksi
konfic;konflik
konfiq;konfigurasi
konga;tidak
konputer;komputer
konskuen;konsekuensi
kontollll;game buruk
kontolllllllll;game buruk
kontoollll;game buruk
kontor;game buruk
koontool;game buruk
korbankubanting;korbanku banting
kore;
koslet;cosplay
koyo;seperti
kpada;kepada
kpan;kapan
kraftonbl;krafton
kranjang;keranjang
kraton;krafton
kreftonsetelah;krafton setelah
krennnn;keren
krepton;krafton
kritikperbaiki;kritik perbaiki
krnaa;karena
krofton;krafton
ksabilan;ke stabil
kshusnya;khususnya
ksihh;kasih
ksnsksnsksnkshshejsjsnsksbsksbskhsksbskshskksnslslwppqkw;
ksrng;serang
ktanya;katanya
kterangan;keterangan
ktl;
kuaaat;kuat
kualahan;merepotkan
kuatkentang;kuat kentang
kuatukuran;aku ukuran
kugmna;bagaimana
kulgar;vulgar
kulitas;kualitas
kulkaslancar;kualitas lancar
kumpulin;kumpulkan
kunaikin;aku naikkan
kuotajujur;kuota jujur
kupinda;aku pindah
kuponbuat;kupon buat
kuponjadi;kupon jadi
kuponskrng;kupon sekarang
kuragin;kurangkan
kuraingin;kurangkan
kurangcoba;kurang coba
kurangtolong;kurang tolong
kurnag;kurang
kusaih;kuasai
kuturankan;menularkan
kuwalitas;kualitas
kwamu;kamu
kwontwol;bajingan
kyanya;sepertinya
kynya;sepertinya
labih;lebih
laenpdhl;lain padahal
lagbug;sinyal buruk bug
lagbugtombol;bug tombol
lagdikit;sinyal sedikit buruk
lagframe;sinyal buruk
lagfrezze;sinyal lambat macet
lagibulan;lagi bulan
lagid;lagi
lagigajelas;lagi tidak jelas
lagiisangat;lagii sangat
lagijangan;lagi jangan
lagikarena;lagi karena
lagikasihan;lagi kasihan
lagilama;lagi lama
lagimenurut;lagi menurut
lagimhon;lagi mohon
laging;sinyat lambat
lagisaran;lagisaran
lagithanksgamenya;lagi terima kasih game
lagitidak;lagi tidak
lagitrs;lagi terus
lagitwitter;lagi twitter
lagiuntuk;lagi untuk
laglagbugbug;sinyal lambat
lagngefres;sinyal lambat macet
lagpls;sinyal lambat tolong
lagsambungan;sinyal menyambungkan
lagsetiap;sinyal lambat setiap
lahbanyak;banyak
lahbesok;besok
laheek;buruk
lahgamenya;game
lahhhhh;ya
lahjangan;jangan
lahknpa;kenapa
lahmain;main
lahmasa;masa
lahpadahal;padahal
lahsepi;sepi
lahserasa;merasa
lahsetiap;setiap
lahtapi;tetapi
lahtolong;tolong 
lahv;ya
lahya;ya
lai;lain
laingeme;lain game
laingly;lainnya
lainlain;lain lain
lainnyacuman;lainnya hanya
laintambah;lain tambah
lakuinmakin;lakukan makin
lalod;lama
lalulalu;lalu
lamabangettapi;sangat lama tetapi
lamadonglodpubg;lama menunduh pubg
lamain;ya main
lamajadi;lama jadi
lamakelamaan;lama kelamaan
lamatolong;lama tolong
lambbat;lambat
lambt;lambat
lamq;aku
lan;ya
lancardan;lancar dan
lancardipake;lancar dipakai
lancarini;lancar ini
lancartapi;lancar tetapi
langend;
laporankan;laporan
lawack;lawan
lawanbahkan;lawan bahkan
laya;lagi
lbuat;buat
learn;mempelajari
leave;keluar
lebayy;berlebihan
lebeih;lebih
lebihdari;lebih dari
lebihngeri;lebih seram
led;dipimpin
lege;legendaris
legem;legendaris
legendary;legendaris
leggy;sinyal lambat
legtolong;sinyal lambat tolong
lejen;legendaris
lembalikan;kembalikan
lemparin;lemparkan
lemparpelempar;lempar pelempar
lending;pinjaman
leng;lengkap
lengkali;lengkap
lessoh;musim
leste;
letakan;letakkan
lgberat;lagi berat
lgimkin;lagi makin
lgplis;lagi tolong
lgvipanti;lagi ganti
lhgua;saya
lhotolong;tolong
liatliat;lihat lihat
libas;
lifeeeeeeeee;hidup
lihatlah;lihat
liked;menyukai
limah;limah
limatencent;lima tencent
limitation;keterbatasan
links;tautan
lio;
little;kecil
live;hidup
livestreaming;siaran langsung
liviktambah;livik tambah
lllaaammmmmaaaaaaa;lama
lncarbuat;lancar buat
lnfer;
lnjut;lanjut
loadautku;memuat aku
loadingapa;memuat apa
loadingsedang;memuat sedang
loadingselalu;memuat selalu
lobang;lubang
loeee;anda
logging;login
loginnta;loginnya
loginnyyyyaaaaaaa;loginnya
loginslalu;login selalu
logut;keluar
lohgue;saya
lok;ok
lokkrep;
lolwrlorstandoff;
look;lihat
looking;melihat
loooooooo;anda
loper;kekasih
los;kalah
lotapi;tetapi
louder;lebih keras
lowend;rendah
lowkentang;rendah
lte;
luangbermain;luang bermain
luapalagi;apa lagi
luarbiasa;luar biasa
luarsana;luar sana
lumanya;cukup bagus
lumayang;cukup bagus
lumayanini;cukup bagus ini
lumayanmohon;cukup bagus mohon
lur;lur
lurrr;saudara
lwn;lawan
lyout;youtube
mace;macet
macek;macet
macetan;macet
macmaking;penjaruman
macthing;penjaruman
macthmaking;penjaruman
madness;kegilaan
maendan;main dan
maenuntuk;main untuk
maenyertakan;menyertakan
maeun;main
mahhoooookkkk;mau
mainah;mainan
mainbukan;main bukan
maingemseruadapapaterusgadafero;main geme seru ada apa terus tidak ada
maininya;main
mainkandan;mainkan dan
mainkansaya;mainkan saya
mainkena;main kena
mainlalu;main lalu
mainnin;mainkan
mainnn;main
mainnyakeren;mainnya keren
mainnyatapi;mainnya tetapi
maintenance;pemeliharaan
mainyabiasa;mainnya biasa
makase;terima kasih
makasi;terima kasih
makasihhh;terima kasih
makasiii;terima kasih
makasiiii;terima kasih
makiin;makin
makk;mama
maksihh;terima kasih
maksimalin;maksimalkan
malampubg;malam pubg
malaupun;walaupun
mambuat;membuat
manadang;mana ada
manapunkarna;manapun karena
manatap;sangat bagus
manaterkadang;mana terkadang
maneuh;anda
mang;memang
mangan;makan
mangkit;bangkit
mankn;temanku
manku;temanku
mantaapp;sangat bagus
mantablah;sangat bagus
mantapbermain;sangat bagus bermain
mantappppp;sangat bagus
mantaptapi;sangat bagus tetapi
mantaptinggal;sangat bagus
mantbzzz;sangat bagus
manteng;sangat bagus
mantepppppppp;sangat bagus
mapnnya;petanya
mapp;peta
mappnya;petanya
marai;marah
maringene;ringankan
masahselamt;masa selamat
masalahanya;masalahnya
masalahsetiap;masalah setiap
masatapi;masa tapi
maseeeehhhh;masih
masihan;masih
masihblag;masih bilang
masii;masih
masiktolong;masih tolong
maslaah;masalah
massage;pesan
masukehhmalah;masuk ternyata
masukgames;masuk game
masukgmn;masuk bagaimana
masukk;masuk
masukkarena;masuk karena
masuklogin;masuk login
masukn;masukkan
masuknyake;masuknya ke
masuksaya;masuk saya
masukskal;masuk sekali
masuksuara;masuk suara
masupp;
masv;masa
masyak;masa
maszeeehh;masih
matab;sangat bagus
matappppppppppppppppppppppppppppppppppppppp;sangat bagus
matcmaking;penjaruman
matcmakingtapi;penjaruman tetapi
mate;mati
materialnyadan;materialnya dan
matiemang;mati memang
matiiiii;mati
matiini;mati ini
matikn;matikan
matrialnya;materialnya
maulama;
maulana;
maun;mau
maya;
mayin;
mazeh;masih
mba;kakak
mbale;balik
mbali;kembali
mboek;kakak
mbok;kakak
mbuka;membuat
mda;ada
mebuat;membuat
mec;
mediatack;mediatek
medical;medis
medisnyauntuk;medisnya untuk
mediumhigh;sedang tinggi
medkid;peralatan medis
medsos;media sosial
megabyte;mega byte
megap;mega byte
megazin;majalah
meh;
mejancuk;anjing
meledag;meledak
meledakk;meledak
meledakkkk;meledak
melki;
meluluklo;melulu kalau
memadaijaringan;memadai jaringan
memaikanyadan;memainkannya dan
memaiknny;memainkannya
memainkannyatapi;memainkannya tetapi
memakn;memakan
membahana;bahana
memban;banned
membanned;banned
membantuu;membantu
membengkakfokus;membengkak fokus
memberlain;anggota lain
membernya;anggotanya
membingunggkan;membingungkan
membosan;membosankan
memdownload;mengunduh
memgalami;mengalami
meminati;minat
meminimalisir;meminimalisir
memisakan;memisahkan
memksa;memaksa
memoriamnya;penyimpanannya
memoryjadi;penyimpanannya
memoryny;penyimpanannya
mempengaruhu;mempengaruhi
memuas;memuaskan
memungkin;memungkinkan
menagis;menangis
menamfik;menarik
menanggulangipayah;menanggulangi payah
menantangsayang;menantang sayang
menarikasik;menari klasik
menarin;menari
menberi;memberi
mendapakan;mendapatkan
mendolwaod;mengunduh
mendonlod;mengunduh
mendukum;mendukung
mendukungdan;mendukung dan
mendukungin;mendukung
mendukungnnti;mendukung nanti
menerin;menerima
meneru;meneruskan
mengal;mengalah
mengapdet;memperbaharui
mengapdi;memperbaharui
mengcewa;mengecewakan
mengding;lebih baik
mengdonlow;mengunduh
mengecek;memeriksa
mengelu;mengeluh
mengeluhlod;mengeluh
mengem;mengembangkan
mengentang;kentang
menggaggu;menganggu
menggalahkan;mengalahkan
mengganggujadi;mengganggu jadi
menggatasi;mengatasi
menggerakan;menggerakkan
menggisi;mengisi
menggranat;membom
menggu;mengganggu
menggun;menggunakan
menghianati;mengkhianati
menghiburtpi;menghibur tetapi
mengintsl;mengunduh
mengmbalikan;mengembalikan
mengoptimazed;mengoptimasi
mengritik;mengkritik
mengsital;mengunduh
mengukapkan;mengungkapkan
mengupgrade;meningkatkan
menhapus;menghapus
menhinna;menghina
meni;
menin;menit
meningalkannya;meninggalkan
meninggoy;meninggal
menjadijadi;menjadi jadi
menjadipertama;menjadi pertama
menjalankn;menjalankan
menk;
menoerbaikinya;memperbaiki
mensuport;mendukung
mensupport;mendukung
menuruk;menurut
menxoba;mencoba
menyelengsarakan;menyelengarakan
menyenangkancuma;menyenangkan hanya
menyesusaikan;menyesuaikan
menyeting;mengatur
menyosor;menyesuaikan
menyrsuaikan;menyesuaikan
meqi;merasa
mer;merasa
mera;merasa
merasan;merasa
merekasekian;mereka sekian
meritkalau;patut kalau
meritt;patut
merk;merek
meruhikan;merugikan
meset;meleset
message;pesan
metallica;metallica
metkid;peralatan medis
meulu;sering
mexhadeh;
mexmex;bajingan
mff;maaf
mffa;maaf
micevent;mikro acara
micro;mikro
midlow;sedang rendah
mikrofon;mikrofon
miliar;miliyar
military;militer
militia;
milk;susu
mimik;
miminnn;adminnya
miminnya;adminnya
minal;
minbanyak;banyak
mincepat;cepat
minclab;
mindahin;memindahkan
minesnya;kekurangannya
minggubulan;minggu bulan
minharusnya;minimal seharusnya
minimm;minimal
minin;minimal
minjaringan;jaringan
minmau;mau
minngu;minggu
minpadahal;minta padahal
minpdahal;minta padahal
mintanya;
mintolong;minta tolong
minudh;sudah
miripin;sama
miripp;sama
miror;cermin
mising;misinya
misiseharusnya;misi seharusnya
mita;minta
mitic;mistik
mitig;mistik
miui;
mixed;campuran
mju;maju
mkasih;terima kasih
mkk;
mkkuf;
mksih;terima kasih
mksiiibhh;terima kasih
mky;
mla;
mlffcod;
mlha;padahal
mlhan;padahal
mllanjeng;anjing
mllpdhl;padahal
mluthfi;
mmeggunakan;menggunakan
mmenurut;menurut
mmmmwwwweeeeeeeehehehehehehehhehehehehhehehehehhehehehhehehehehhehehehehehehhehehehehehehhehehehehhehehehehehehhehehehehehehehehehehhehehehhehehehhehehehehehhehehehehhehehehehhehehehehehehhehehehehehhehehehehhehehehehhehehehehehhehehehehehhehehehhehehehhehehehehhehehehehehehhehehehhehehehhehehehehehhehehehehehhehehehehhehehehehehehehehehehehehehehhehe;haha
mmn;memang
mnata;menata
mnatppp;sangat bagus
mndapatkan;mendapatkan
mndukung;mendukung
mnemani;menemani
mnenmani;menemani
mngincar;mengincar
mngundurkan;mengundurkan
mnikmati;menikmati
mnjawab;menjawab
mnjdi;menjadi
mnonton;menonton
mnrut;menurut
mntaplahhhsemoga;sangat bagus semoga
mntapppp;sangat bagus
mntep;sangat bagus
mntl;sangat bagus
mntup;sangat bagus
mnunggu;menunggu
mnurun;menurun
mobilebisa;mobile bisa
mobilegamenya;mobile game
mobilegen;mobile legends
mobilemaaf;mobile maaf
mobilemugi;mobile lagi
mobilesaya;mobile saya
modar;mati
modeeverytime;mode setiap saat
modei;mode
modeplayer;mode pemain
modif;modifikasi
mogok;berhenti
mohin;mohon
moho;mohon
mohonnn;mohon
molor;tidur
monggo;silahkan
monhon;mohon
monoton;nada datar
montok;sampai batas
moohn;mohon
moreover;lebih lebih lagi
mosok;masuk
moter;motor
mpr;majelis permusyawaratan rakyat
mqone;
mreka;mereka
mresa;merasa
mrnghapus;menghapuskan
mruhgtjrjjejehrhrirjhrrdhsjshswkwjjdsjdjdheejdjsdheot;
msalahnya;masalahnya
mskpun;meskipun
mstapi;tetapi
msultans;sultan
mtk;mediatek
mtp;sangat bagus
mudhan;mudahan
mugkin;mungkin
mukmin;mungkin
mulaianda;mulai anda
multiplayer;multipemain
muluapalagi;sering apa lagi
mululamameledak;sering lama meledak
mulunge;sering tidak
mulupadhl;sering padahal
muluuuuu;sering
mumpung;ketika
munculah;munculkan
muncull;muncul
munculny;munculnya
murik;musuh
musuhambil;musuh ambil
musuhawas;musuh awas
musuhdamage;kerusakan musuh
musuhe;musuhnya
musung;musuh
musuv;musuh
mwehehehe;haha
mwehehehhehehehehehhehehehehehhehehehhehe;haha
myang;yang
myn;ya
mytich;mytic
mzbroe;
nagasih;mengasih
nagu;lagu
naha;kenapa
nahannya;menahan
nahh;oh
nahhh;oh
naikapa;naik apa
naiki;naik
naikk;naik
naikkin;naikkan
naise;bagus
naiti;naikkan
namania;namanya
namaya;namanya
namu;tamu
nanam;menanam
nanaryain;menanyakan
nani;apa
nanyaknp;banyak kenapa
napasllu;napas dahulu
nape;mengapa
narik;menarik
nasih;masih
nasipnya;mengarsipkan
nawaran;menawarkan
nchada;ada
ncldydvhk;
negativnya;negatifnya
negri;negeri
nekopoi;
nelahen;
nem;tembak
nembakmasih;tembak masih
nembaknyamasalahnya;tembak masalahnya
nembe;tembak
nemucoba;temu coba
nenen;
nenengah;menengah
nengelek;sinyal lambat
neo;
neon;
nerin;benarkan
nerot;
nerugikan;merugikan
netpi;tetapi
nexus;selanjutnya
ngaa;tidak
ngaaih;memberi
ngabret; 
ngabug;bug
ngacak;mengacak
ngadain;mengadakan
ngakses;mengakses
ngalag;sinyal lambat
ngalami;mengalami
ngamaenkeun;memainkan
ngamok;marah
ngandalkan;mengandalkan
ngapak;mengapa
ngarti;mengerti
ngasah;mengasah
ngawurrrrr;kacau
ngbugg;bug
ngdadak;mendadak
ngdrop;menjatuhkan
ngeaim;tujuan
ngebab;bug
ngebaff;bug
ngebakeror;bug error
ngebaktolong;bug tolong
ngeban;banned
ngebanned;banned
ngebannyanick;banned
ngebass;bug
ngebat;bug
ngebecknya;bug
ngebleng;macet
ngeblingtrs;macet terus
ngeblinkbug;macet bug
ngebosanin;membosankan
ngebuf;bug
ngebugh;bug
ngebugkamprett;bug sialan
ngebugpas;bug saat
ngebugping;bug sinyal lambat
ngebugs;bug
ngebunuh;membunuh
ngechat;mengobrol
ngedarat;mendarat
ngedownlod;mengunduh
ngedukung;mendukung
ngeframeee;macet
ngefreaze;macet
ngefreemm;macet
ngefreez;macet
ngefreme;macet
ngefremnya;macet
ngefrim;macet
ngefriss;macet
ngegacah;
ngegame;game
ngeganggu;mengganggu
ngehang;macet
ngehank;meretas
ngeharap;mengharapkan
ngeinstal;memasang
ngejalanin;menjalankan
ngejar;mengejar
ngejat;mengejar
ngekillnya;membunuh
ngel;sinyal lambat
ngelagngefram;sinyal lambat
ngelagnya;sinyal lambat
ngelagpadahal;sinyal lambat padahal
ngelagupdate;lambat pembaruan
ngelagzona;lambat zona
ngelakkin;mengelak
ngelebihin;melebihi
ngeletbug;lambat bug
ngelex;lambat
ngelike;suka
ngeluhplis;mengeluh tolong
ngeluhtermasuk;mengeluh termasuk
ngembang;mengembangkan
ngenakin;nyaman
ngending;di mana
ngene;di sini
ngepff;bug
ngepoin;poin
ngepp; 
ngeprime;bingkai
ngerame;bingkai
ngerating;peringkat
ngerecal;mengingatkan
ngereport;melaporkan
ngerepotin;merepotkan
ngerestar;mengulang kembali
ngerilis;melepaskan
ngerport;melaporkan
ngertibanget;sangat mengerti
ngesecop;membidik
ngesepin;mengesalkan
ngeten;tren
ngetot;sialan
ngetrol;bercanda
ngfram;bingkai
ngframeudh;bingkai sudah
ngfrem;bingkai
ngidupin;menghidupkan
ngilangin;menghilangkan
nginjak;menginjak
nginstalnya;memasang
ngiri;mengirim
ngisntal;memasang
ngkag;tidak
ngntdd;sialan
ngomongin;berbicara
ngontak;berpikir
ngontlv;mengontrol
ngontrol;mengontrol
ngopi;kopi
ngrem;bingkai
ngrprem;bingkai
ngrusak;merusak
ngrush;bergegas
ngsih;kasih
ngtain;mengatakan
ngtot;sialan
ngulangin;mengulang
ngulanh;mengulang
ngumayan;cukup bagus
ngurang;kurang
ngx;tidak
nhi;ini
niabis;ini habis
niheh;ini 
nihini;haha
nihp;ini handphone
niirespondnya;ini tanggapannya
nikmti;nikmatkan
nitip;titip
niy;ini
nja;tidak
njengpdhl;anjing padahal
njinggjng;anjing
njirt;anjing
nkp;
nma;nama
nmbahin;tambahkan
nnga;tidak
nngak;tidak
noctum;
normaltidak;normal tidak
normaltolong;normal tolong
normaltransparantolong;normal transparan tolong
notabene;tidak banned
notfair;tidak adil
notify;memberitahukan
notivicasi;notifikasi
noub;cupu
ntaps;sangat bagus
ntapssss;sangat bagus
ntot;sialan
nubmasih;masih cupu
numayan;cukup bagus
numbers;nomor
nungguudh;tunggu sudah
nvcjfjfhfhfjfjfjfhfhdhfhfhdhfdjggvucyvyyyycyvhcyvu;
nwh;
nyabagus;bagus
nyabakan;abaikan
nyadar;sadar
nyadikurangin;dikurangkan
nyaframe;bingkai
nyagara;sebab
nyahmohon;mohon
nyaini;ini
nyakan;
nyakayak;sepertinya
nyaksian;menyaksikan
nyalama;nyaman
nyama;nyaman
nyamanseru;nyaman seru
nyamenurut;menurut
nyamusuh;musuh
nyandet;
nyandu;
nyanya;
nyaopen;buka
nyapa;menyapa
nyapercuma;percuma
nyapling;paling
nyarah;arah
nyarankan;menyarankan
nyarik;mencari
nyasaat;saat
nyasehingga;sehingga
nyaseru;seru
nyatay;nyatanya
nyaterima;terima
nyelamatin;menyelamatkan
nyenggol;menyentuh
nyepin;sepi
nyerah;menyerah
nyerot;menyerah
nyhsaya;saya
nyimak;melihat
nyobaaa;mencoba
nyobasbnrnya;mencoba sebenarnya
nyoh;ya
nyri;mencari
nyuba;mencoba
nyuoro;suara
nyuruh;suruh
nyusulkarna;menyusul karena
oadah;oh sudah
oalahbaru;oh baru
oas;
obbny;
obtained;diperoleh
oen;online
oenggemar;pengemar
ofkan;offline
ofline;offline
oitt;ok
okeee;ok
okeeeeeeeeeeeeeeeee;ok
okkk;ok
oklh;ok
okokok;ok
oks;ok
oksiiiiiiiiiiiiiiiiiiiiiiiiiiiiiiiiiiiiiiiiiiiiiiiiiiiiiiiiiiiiiiiii;ok
oktapi;ok tetapi
oktimalkan;optimalkan
oktolong;ok tolong
okyy;ok
oldfriend;teman lama
olok;
omah;
ommm;
omomnggan;bicarakan tidak
omongan;bicara
omyang;yang
once;satu kali
onlen;on line
ooo;oh
ooooo;oh
oopsional;opsional
opoikih;apa ini
oppoa;apa
opportunities;opportunities
oprasiberjalan;oprasi berjalan
optimization;pengoptimalan
optimus;optimis
orange;oren
orangorang;orang orang
orewa;
origanal;asli
orngklo;orang kalau
orngyang;orang yang
otomaatis;otomatis
otomatisbiar;otomatis agar
otp;
outnya;keluarnya
owh;oh
owitskjskg;
oyyy;hai
pabjeey;pubg
pacebouk;facebook
packnya;mengemasnya
padaa;pada
padahalrefresh;padahal menyegarkan
padahla;padahal
padalan;padahal
padatpi;pada tetapi
pafjigm;pubg
pahal;mahal
paisal;
pakboy;
pakbu;
paksain;paksakan
paleng;paling
palepale;
paltinum;platinum
palystor;play store
pamain;pemain
panasterus;panas terus
panbom;spam bom
pancar;lancar
panget;sangat
pante;pante
pantekkkkkkkkkkkkkkk;pantekkkkkkkkkkkkkkk
pap;pubg
papanlandasan;papan landasan
papi;pubg
papwpwpwpqpqpqpwpqpqpqpqpq;
parachute;parasut
parahlagi;parah lagi
parahotmtis;parah otomatis
parahpubg;parah pubg
parahsaat;parah saat
parao;pharao
parashut;parasut
parasute;parasut
parijal;
parmainan;permainan
parti;partisipasi
participating;berpartisipasi
pasahal;padahal
pasartpi;pasar tetapi
paslogin;saat login
passwordnya;kata sandinya
pastiiii;pasti
pastu;pasti
paswot;kata sandi
pat;patah
patahdan;patah dan
patahpatahavatar;patah patah avatar
patahping;patah sinyal
patreckkk;patrick
payaahh;payah
payahhhh;payah
payahhhhhh;payah
payak;payah
pazti;pasti
pcbanyak;perbanyak
pcs;bagian bagian
pdalah;padahal
peace;perdamaian
peak;puncak
pebaiki;baik
pebuh;pubg
pecurian;pencurian
peekscope;mengintip lingkup
pegel;pegal
pekerjaang;pekerjaan
pekiranan;perkiraan
pelangan;pelanggan
pelase;tolong
peler;pemain
pemainapalagi;pemain apa lagi
pemakain;pemakaian
pembaharuwan;pembaharuan
pembahruan;pembaharuan
pembahuruan;pembaharuan
pembannedtan;banned
pembaruanbikin;pembaruan buat
pembaruanya;pembaruannya
pembaruwan;pembaruaan
pemeberitahuan;pemberitahuan
peminatmaaf;peminat maaf
peminatnyasekian;peminatnya sekian
pemulah;pemula
pemura;pemurah
penah;penanda
penandah;penanda
penasasarn;penasaran
pencitan;cheat
pendownloadtan;mengunduhnya
penengnya;pemenangnya
pengalam;pengalaman
pengapdeatan;memperbarui
pengapdetankita;memperbarui kita
pengatuaran;pengaturan
pengebannan;banned
pengecekan;pemeriksaan
penggen;ingin
pengupdate;memperbarui
pengupdatenya;memperbarui
penimpanan;penyimpanan
pensitapi;pensiun tetapi
penuhkalo;penuh kalau
penukran;penukaran
penyimpaan;penyimpanan
penyipan;penyimpanan
penyipanan;penyimpanan
pepek;sialan
pepeq;sialan
perandg;perantara
perasaandari;perasaan dari
perbaharuidan;perbaharui dan
perbaharuimalah;perbaharui lebih tepatnya
perbaiikki;perbaiki
perbaikanmasukan;perbaiki masukan
perbaikiaku;perbaiki aku
perbaikibiar;perbaiki agar
perbaikigk;perbaiki tidak
perbaikim;perbaiki
perbaikintiap;perbaiki setiap
perbaikitambah;perbaiki tambah
perbaikiterimakaaih;perbaiki terima kasih
perbaikkin;perbaiki
perbakin;perbaiki
perbaru;perbarui
perbaruinpunya;perbarui punya
perbayak;perbanyak
perbikin;perbuatan
percayague;percaya saya
perfomanya;performanya
pergaca;
peringatin;peringatan
peringkatt;peringkat
perjelasdi;perjelas di
perkebangan;perkembangan
perkecilbug;perkecil bug
perketatin;perketat
perketatperbaikan;perketat perbaikan
perlidungan;perlindungan
permaenan;permainan
permai;permainan
permaian;permainan
permainansaran;permainan saran
permainnan;permainan
pernak;pernah
pernik;pernah
peropesonal;profesional
perribet;rumit
person;orang
pertandiangannya;pertandingannya
pertayaan;pertanyaan
pertibangkan;pertimbangkan
perubahangemes;perubahan game
perusak;rusak
pes;rompi
pesawatsama;pesawat sama
petalang;petualang
petapadahal;peta padahal
peyra;
pgguna;pengguna
php;pemberi harapan palsu
picek;
picture;gambar
piggin;ingin
piggy;sinyal
pihakdevelover;pihak pengembang
pihal;perihal
pikirdlusoalnya;pikir  dahulu karena
pikirdulu;pikir dahulu
pikirin;pikirkan
pinalti;akhir
pinalty;akhir
pindad;pindah
pinggin;ingin
pingjaringan;sinyal jaringan
pingkualitas;sinyal kualitas
pingl;sinyal
pingsaya;jaringan saya
pingsinyal;jaringan sinyal
pintunyaa;pintunya
piraun;firaun
pislah;tolonglah
piye;bagaimana
pktn;
plagiatml;plagiat mobile legends
planthis;menanam ini
plase;tolong
platfrom;platform
played;dimainkan
playerdan;pemain dan
playerkek;pemain sepertinya
playermu;pemainmu
playermya;pemainnya
playernyasekarang;pemain sekarang
playerplayerdan;pemain pemain dan
plays;bermain
playsore;play store
playtore;play store
plburikkk;grafik buruk
pleaseaku;tolong aku
pleaseee;tolong
pler;flare gun
plergan;flare gun
plestor;play store
pleton;play store
plia;tolong
plies;tolong
pliis;tolong
plinskuy;tolong ayo
plislah;mohon
plisssssssssssssssssssss;mohon
ploroting;
plush;mewah
pluss;plus
plyaer;pemain
plz;mohon
pmpl;pubg mobile pro league
pns;panas
pntg;pantang
pny;punya
pochinkirokokschool;pochinki rozhok school
pochinok;pochinki
pocopone;poco phone
poinblank;point blank
poinya;poinnya
poka;
pokoka;intinya
pokoyah;intinya
pokus;fokus
polllllll;penuh
pon;
poor;miskin
popokfitur;pokok fitur
porhub;
pormula;formula
positive;positif
pppp;
pppppppppppppppppppppppp;
ppppppppppppppppppppppppppppppp;
pppppppppppppppppppppppppppppppppppppppppppppppppppppppppappppppppppppppppppppppppppppppppppppppp;
ppppppppppppppppppppppppppppppppppppppppppppppppppppppppppppppppppppppppppppppppp;
pppppppppppppppppppppppppppppppppppppppppppppppppppppppppppppppppppppppppppppppppppppppppppppppppppppppppppppppppppppppppppppppppppppppppppppppppppppppppppppppppppppppkestrel;
pqpji;pubg
prasutnya;perasutnya
prasutnyaa;parasutnya
prcepat;percepat
pree;pra
pregmen;pecahan
premiumnya;premiumnya
prenium;premium
preparing;mempersiapkan
price;harga
pringkat;peringkat
prinpayer;pemain
prisai;perisai
prmainan;permainan
prmainanmenurutku;permainan menurutku
problempantes;masalah pantas
problems;masalah
procecor;prosesor
processor;prosesor
profaider;penyedia
project;proyek
projects;proyek
prosoalnya;masalahnya
protect;melindungi
provesiyonal;profesional
provok;provokasi
pubeg;pubg
pubgapapun;pubg apapun
pubgbngsat;pubg bajingan
pubgbukan;pubg bukan
pubgenakkkkkkk;pubg bagus
pubgfilenya;pubg filenya
pubgg;pubg
pubgh;pubg
pubghp;pubg hp
pubgilangin;pubg hilangkan
pubgits;pubg itu
pubgitu;pubg itu
pubgji;pubg
pubgkarena;pubg karena
pubgkawan;pubg kawan
pubgkenapa;pubg kenapa
pubgkok;pubg tetapi
pubglovers;pubg lovers
pubgmnya;pubg mobile
pubgmobilesemakin;pubg mobile semakin
pubgnamun;pubg namun
pubgnyesal;pubg menyesal
pubgpls;pubg mohon
pubgsampai;pubg sampai
pubgselama;pubg selama
pubgserta;pubg serta
pubgseruu;pubg seru
pubgsudah;pubg sudah
pubgthank;pubg terima kasih
pubgwaktu;pubg waktu
pubgwalauupun;pubg walaupun
pubji;pubg
pubm;pubg
pubug;pubg
pudate;pubg
pudg;pubg
pugbselma;pubg selama
pugg;pubg
pulaubaru;pulau baru
pulng;pulang
puncul;muncul
punia;dunia
punlogin;login
put;taruh
putihkaya;putih seperti
putusin;putuskan
putusini;putus ini
pvp;player versus player
pyah;ya
pyramid;piramid
pzxqwryuiopasdfhchfhfhxhiphfhghf;
qak;tidak
qeme;game
quadruple;melipatempatkan
quality;kualitas
quota;kuota
quywgjwjhsgwhwkhhahhgwgwqwggqhwwkwhwvwgwgehwjehwgwgwjhwhehevehegehegehegehegeuegeuerghsrrruejejjrht;
radak;radar
ragion;wilayah
rah;
raises;meningkatkan
ramahtapi;ramah tetapi
ramahterlalu;ramah terlalu
ramayan;
rambah;tambah
rambane;
rambo;senjata
ramemending;ramai lebih baik
rameni;ramaikan
ramesangat;ramai sangat
ramiel;
raminternal;random access memory internal
rammemori;random access memory
ramr;random access memory
ramya;random access memory ya
ranaldo;
rander;memberikan
rangnya;peringkatnya
ranjuga;peringkat juga
rankehh;berperingkat
rankmakin;peringkat makin
rankmatch;pertandingan peringkat
ranselko;ransel
rapih;bersih
rare;langka
rat;rata
ratain;ratakan
ratting;peringkat
rayol;royal
rdg;
rds;bidik titik merah
reaceoruds;
reacol;mengingat
realistiec;realistis
realistik;realistis
realistisbukan;realistis bukan
realististerlalu;realistis terlalu
realnya;aslinya
rebah;ubah
rebmi;redmi
rebu;membangun kembali
rebuild;membangun kembali
recallin;mengingat
recallkarna;mengingat karena
recallreconnecting;menghubungkan kembali
recalmenghidupkan;menghidupkan kembali
recoilcoba;mundur coba
recoiltapi;mundur tetapi
recommend;direkomendasikan
recommended;direkomendasikan
reconnecting;menghubungkan kembali
recover;pulih
rect;lurus
redownloaded;unduh ulang
reecall;mengingat
reelog;masuk ulang
rehab;istirahat
rekocil;mundur
rekt;rekrut
relmie;realme
reloding;memuat ulang
remah;pertandingan ulang
rematch;pertandingan ulang
remehin;meremehkan
removed;dihapus
rendahdan;rendah dan
rendahgame;rendah game
rendh;rendah
rendisniper;sniper
reouserce;sumber 
reply;memutar ulang
reportberujung;laporkan berujung
req;permintaan
requires;memerlukan
rese;sulit
resos;sumber
resouch;sumber
resourcenya;sumbernya
resourse;sumber
respect;menghormati
respo;jawaban
responada;tanggapan ada
responsaya;tanggapan saya
respont;menanggapi
restrat;mengulang kembali
resulting;menghasilkan
retdot;titik merah
retire;pensiun
rhahcmyd;
ribert;rumit
ricoilnya;mundur
rigan;ringan
right;baik
rikel;mengingat
riki;
rikor;merekam
ripley;memutar ulang
ripot;laporkan
riscek;menghormati
risk;mempertaruhkan
rivive;membangkitkan
riyanaj;
rizieq;
rizky;
rkf;
roboh;hancur
rojaaa;saja
rondomsukses;random sukses
root;akar
ros;
rose;mawar
royalgeregarsama;royal sebab sama
royall;royal
rozok;
rpo;
rqme;
rrq;
rrrre;
rtorto;
rtrw;
rtx;
ruins;reruntuhan
rukas;
rule;aturan
rules;aturan
rull;
ruma;rumah
rumahambil;rumah ambil
rumputya;rumput ya
runah;rumah
runic;rahasia
runing;berlari
runningmohon;berlari mohon
rusaaaaaaakkkkk;rusak
rusakdemi;rusak demi
rusakturnament;rusak turnamen
rwek;
saan;saat
saatsaya;saat saya
sabily;stabil
saiznya;ukurannya
sajaa;saja
sajaapalagi;saja apa lagi
sajah;saja
sajamohon;saja mohon
salelu;selalu
sallu;selalu
salm;salam
salto;jungkir balik
salvo;salah fokus
samaad;sama ada
samadengan;sama dengan
samgat;sangat
samngat;semangat
sampahh;sampah
sampahhhh;sampah
sampaisampai;sampai sampai
sample;sampel
samsunga;samsung
samsungdlu;samsung dahulu
sanak;kerabat 
sanakkeluarga;kerabat keluarga
sangatbangga;sangat bangga
sangatsangat;sangat sangat
sanget;sangat
sangup;sanggup
santay;santai
saolnya;soalnya
sape;siapa
sapek;spesifikasi
sapiiderman;spiderman
sari;seru
saru;seru
satabil;stabil
satisfaction;satisfaction
satuhal;satu hal
satupleaseitu;satu mohon itu
satusatu;satu satu
satusatunya;satu satunya
sawer;berbagi
sayaaaa;saya
sayaain;saya
sayabegitu;saya begitu
sayadan;saya dan
sayagimana;saya bagaimana
sayahanya;saya hanya
sayamakin;saya makin
sayank;sayang
sayapaling;saya paling
sayapermainan;saya permainan
sayasetiap;saya setiap
saygme;sayang game
sayh;saya
sayng;sayang
says;mengatakan
sbab;sebab
sbenarnya;sebenarnya
sblah;sebelah
sbntr;sebentar
sbnyak;sebanyak
scin;skin
scoop;cakupan
scoope;cakupan
scopeadjust;lingkup penyesuaian
scorpion;kalajengking
screenpadahal;layar padahal
scuad;squad
sdkt;sedikit
seandainya;
seandainyapubg;seandainya pubg
seaso;musim
seasong;musim
seasonnya;musimnya
seasson;musim
sebel;kesal
sebelahdan;sebelah dan
sebelahsausagepastinya;sebelah sosis pastinya
sebell;kesal
sebelumnyauntuk;sebelumnya untuk
seblum;sebelum
seblumnyakenapa;sebelumnya kenapa
secepatna;secepatnya
sedah;sudah
sedari;sadari
sedekit;sedikit
sedihsih;sedih
sedikitdowload;sedikit unduh
sedikittklo;sedikit kalau
sedikitudah;sedikit itu sudah
seeing;melihat
seekaliii;sekali
seenjata;senjata
seever;server
segampang;semudah
seginih;seperti ini
segitukarna;seperti itu karena
segs;
sehinga;sehingga
sejata;senjata
sekaleeee;sekali
sekalih;sekali
sekalitapi;sekali tetapi
sekar;sekarang
sekarangemang;sekarang memang
sekarangni;sekarang ini
sekianarigato;sekian terima kasih
sekiann;sekian
sekila;sekilas
sekisal;sekilas
selau;santai
selebew;
selebeww;
selesaidi;selesai di
selesaiselesai;selesai selesai
sellular;seluler
selulerwifi;seluler wifi
semacamnx;semacamnya
semaking;semakin
semangatoiya;semangat ya
semangt;semangat
semartfren;smartfren
sembak;tembak
seminim;minimal
semngt;semangat
semogs;semoga
sempakkk;celana dalam
sempura;sempurna
semuacuma;semua hanya
semuagadanta;semua tidak dan
semuagua;semua saya
semuakadang;semua kadang
semuanyabserba;semuanya serba
semuanyatolong;semuanya tolong
semulaterimakasih;semula terima kasih
semuwah;semuanya
semuwanya;semuanya
semuya;semua
semya;semua
senangbermain;senang bermain
send;kirim
sendat;macet
sending;mengirim
sendiribtolong;sendiri tolong
sendiridah;sendiri sudah
sendirigamenya;sendiri gamenya
sendirigiliran;sendiri giliran
sendirintah;sendiri entahlah
sendirirusak;sendiri rusak
sendiritolong;sendiri tolong
sendiry;sendiri
senjataapakah;senjata apakah
senjatagabisa;senjata tidak bisa
senjatalompat;senjata lompat
senjtanya;senjatanya
sense;nalar
sensiklau;kepekaan kalau
sensitivity;kepekaan
sent;kirim
seoson;musim
sepali;
sepelesepele;sepele
sepertiada;seperti ada
sepertisuara;seperti suara
sepiii;sepi
sepipubg;sepi pubg
seportifdan;sportif dan 
seportip;sportif
seribet;serumit
seringbyk;sering banyak
seringngebug;sering bug
serti;sertifikat
seruhnya;serunya
serukeanehan;seru keanehan
serumau;seru mau
serutetapi;serute tetapi
serven;server
serverasia;server asia
servesnya;servernya
servise;sangat marah
sesa;sesat
sesasli;menyesal
seseon;seseorang
sesusai;sesuai
setabill;stabil
setengaj;setengah
setep;langkah
setiat;setiat
setier;peringkat
setiyap;setiap
setlh;setelah
setnyah;setelannya
setpas;setelan cocok
settingannya;pengaturannya
seuatu;sesuatu
sewot;sangat marah
sfx;
sgini;seperti ini
shame;sahmee
shapiredan;
shd;tameng
shield;tameng
shild;tameng
shogunt;shotgun
shomot;
shu;
sialannnn;sialan
siasaat;siasat
sib;ok
sie;
signalkacau;sinyal kacau
signalpas;sinyal saat
sihcuma;hanya
sihdah;sudah
sihhhhh;
sihkecewa;kecewa
sihmakasih;terima kasih
sihpadahal;padahal
sihsemoga;semoga
siippo;ok
sikatanya;katanya
sikok;tetapi
silaturahmiterimakasih;silaturahmi terima kasih
silly;konyol
sing;yang
singal;sinyal
singalnya;sinyalnya
singgel;sendiri
singledan;sendiri dan
sinipadahal;sini padahal
sintang;bintang
sinting;bodoh
sinyaal;sinyal
sinyak;sinyal
sinyalku;sinyal
sinyalnyasaya;sinyalnya saya
sinyalsaya;sinyal saya
sinyalsinyal;sinyal sinyal
sinyaltolong;sinyal tolong
siol;sial
sippasi;apa
sipph;ok
sir;pak
siren;sirene
sisahnya;sisa
sisain;sisa
sistim;sistem
siupdate;memperbarui
siuuu;sampai jumpa
siya;siapa
siyapa;siapa
sjj;saja
skalu;selalu
skan;seakan
skarl;sekarang
skinini;skin ini
skinnn;skin 
sklii;sekali
skliii;sekali
sklikecwa;sekali kecewa
sknrg;sekarang
skrangbaru;sekarang baru
skrngs;sekarang
slaluh;selalu
slalunya;selalunya
slama;selama
slebewwwww;
sleding;meluncur
slese;selesai
slide;menggeser
small;kecil
smanggat;semangat
smnjak;semenjak
smntara;sementara
smoothextremetapi;halus ekstrem tetapi
smoothlow;halus rendah
smuanya;semuanya
smuck;bajingan
snapdran;snapdragon
snepdragon;snapdragon
sngja;sengaja
sob;
soectator;penonton
sokan;
sokkeras;keras
somai;
someone;seseorang
somethime;beberapa waktu
son;
soos;
sop;siap
sors;
sosialmedianya;sosial medianya
soundtracknya;soundtrack
sox;
spacenya;ruang angkasa
spactate;penonton
spactete;penonton
spaiderman;spiderman
spanya;siapanya
spder;spider
speactator;penonton
specktornya;penonton
spect;penonton
specta;penonton
spectace;penonton
spectatebug;penonton bug
spectating;penonton
spectet;penonton
speen;menghabiskan
speknya;spesifikasi
spend;membelanjakan
spending;pengeluaran
spetacte;penonton
sportip;adil 
sprintsaat;lari saat
spwjwkbdoeejsvlsvskshsos;
squadtidak;squad tidak
ssah;
ssaya;saya
ssh;
sssa;saya
sssaya;saya
sssssssssss;
stabilkan;stabil
stabilsetiap;stabil setiap
stabilsy;stabil saya
stabiltapi;stabil tetapi
stalk;macet
standragr;standar
starnyaapalh;mulainya apa
statelite;satelit
steep;langkah
steleh;setelah
steresss;stress
stimpal;setimpal
stopped;berhenti
strategitapi;strategi tetapi
streess;stress
streesss;stress
stresss;stress
stressss;stress
stuckmental;macet mental
stuckpoin;macet poin
stucksetelah;macet setelah
stumbble;tersandung
stumble;tersandung
style;gaya
suadah;sudah
suck;mengisap
sud;sudah
sudan;sudah
sudslah;sudahlah
sue;
suggestions;saran
suhuy;suhu
sui;
sukaaaaaaa;suka
sukan;suka
sukasoal;suka soal
sukasubstansi;suka substansi
sukatibatiba;suka tiba tiba
sukurngk;syukur tidak
sukurpantes;syukur pantas
sukuses;sukses
sulitmau;sulit mau
sulittapi;sulit tetapi
sunber;sumber
sundageme;
sunguh;sungguh
sunset;matahari terbenam
sunyal;sinyal
suo;
supanya;supaya
supayadevice;supaya perangkat
supermenlh;superman
suporteh;dukung
suportifyg;dukung tolong
suporttolong;dukung tolong
supplai;suplai
surely;pasti
survivor;penyintas
sury;tentu
sus;sulit
susahcuma;sulit hanya
susahh;sulit
susahin;sulitkan
suwun;terima kasih
suzah;sulit
swbelumnya;sebelumnya
sydan;saya dan
syh;saya
sysah;sulit
syumpah;sumpah
taauuuuuu;tahu
taekkkk;jelek
tahunterus;tahun terus
taiiiiii;jelek
taikkkk;jelek
taikkkkk;jelek
tail;ekor
takes;mengambil
takjub;luar biasa
taksedab;tidak sebab
talent;bakat
tama;tamat
tambahandan;tambahan dan
tamen;
tampa;tanpa
tampung;menampung
tanahbug;tanah bug
tanggepi;tanggapan
tangkurak;tengkorak
tansj;
tapii;tetapi
tapiterlalu;tetapi terlalu
tapji;tetapi
tapo;tetapi
tarkalu;nanti kalau
taro;taruh
taudi;tahu di
taux;tahu
tay;tahu
tciwnoveocymlwdajdirrsbs;
tdika;tidak
tdmassault;tdm assault
teamenemy;tim musuh
teaming;bekerja sama
teamku;tim saya
teampubg;tim pubg
teancen;tencent
tebuka;terbuka
tecen;tencent
tegilagila;tergila gila
tehek;teretas
tekeluar;keluar
teken;tekan
telekomsel;telkomsel
telescopnya;teleskop
teliga;terliga
telingamakin;telinga makin
temanin;teman
temansaya;teman saya
tembaktembakan;tembak tembakkan
tembaktiarapreloadganti;tembak tiarap isi ulang ganti
tembokbot;tembok bot
temensuka;teman suka
temple;candi
tenar;terkenal
tenceb;tencent
tencengames;tencent games
tencenhampir;tencent hampir
tencensya;tencent saya
tencentatau;tencent atau
tencentcraftonnya;tencent krafton
tencentga;tencent tidak
tencentkraftoon;tencent krafton
tencentringanin;tencent ringankan
tencenttolong;tencent tolong
tenctod;tencent
tengcent;tencent
tengkurep;tiarap
tenks;terima kasih
tensent;tencent
tentsen;tencent
terabded;terupdate
terabox;terberat
terahkir;terakhir
terapus;terhapus
terbaikkkkk;terbaik
terbangkl;terbodoh
tercepu;
tereset;terulang
terganggumohon;terganggu mohon
tergesr;tergeser
terhormatagar;terhormat agar
terhormatini;terhormat ini
terim;terima
terimakaih;terima kasih
terjadicheat;terjadi cheat
terjadifull;terjadi penuh
terjadisaya;terjadi saya
terjum;terjun
terjung;terjun
terjunsaya;terjun saya
terlalubesar;terlalu besar
termantuls;terbagus
termorhat;terhormat
terooossss;terus
terossss;terus
terosssssss;terus
terror;error
tersebuk;tersebut
terserh;terserah
tersisihdiatas;tersisih di atas
tertasi;
terul;terus
terusgame;terus game
terusin;teruskan
teruskan;terus
terusmakan;terus makan
terusmasa;terus masa
terussinyal;terus
terussssss;terus
terusssssssss;terus
terusssssssssssss;terus
teruswaktu;terus waktu
teruuusss;terus
teruz;terus
testing;pengujian
tetntunya;tertentu
teu;tidak
teus;terus
teuz;terus
teuzz;terus
tga;tidak
tggidan;tinggi dan
thankv;terima kasih
thankyou;terima kasih
thats;itu
thedoctor;dokter
their;milik mereka
thermal;panas
thnks;terima kasih
through;melalui
tiarapyoutuber;diharap youtube
tibagc;tiba gerak cepat
tibakluar;tiba keluar
tidack;tidak
tidah;tidak
tidakkenapa;tidak kenapa
tidal;tidak
tierfitur;fitur
tierpangkat;berperingkat
tighten;mengencangkan
tiingi;tinggi
timbol;tombol
times;waktu
timmohon;tim mohon
tingal;tinggal
tinggisering;tinggi sering
tinggitinggi;tinggi tinggi
tingkatannya;tingkatkan
tingkatinn;tingkatkan
tingkatkn;tingkatkan
tinnggi;tinggi
tirims;
tisp;
titd;bodoh
titid;bodoh
title;gelar
tiuuu;
tllu;terlalu
tlog;tolong
tmbahin;tambahkan
tmnku;teman saya
tnpa;tanpa
toksix;racun
tolanglah;tolong
tolep;tidak hidup
toleran;toleransi
tollllllllllllllllllllollllllllll;bodoh
tollong;tolong
tolog;tolong
tololng;tolong
tolongla;tolong
tolongpubgini;tolong pubg ini
tolongtolong;tolong tolong
tolonguntuk;tolong untuk
tolongyang;tolong yang
toloongggg;tolong
tomas;
tombolkesel;tombol kesal
tomboltombol;tombol tombol
tomboltulisan;tombol tulisan
tongkrongan;nongkrong bareng
toolool;bodoh
toolsecara;alat secara
toosoon;terlalu cepat
tormented;
tosonn;terlalu cepat
tot;bodoh
totalitas;totalitas
totttttttttttttt;bodoh
tour;wisata
toxin;racun
tpkok;tetapi 
tpose;
tpy;tetapi
tra;
track;melacak
translate;menerjemahkan
trdaftar;terdaftar
treasure;harta karun
tree;pohon
trening;pelatihan
trialapa;uji coba apa
tricknya;tipsnya
tried;mencoba
trier;peringkat
trimksih;terima kasih
triofrastiawan;
trjadi;terjadi
trkadang;terkadang
trmksh;terima kasih
trollhal;
trooooooss;terus
trooossss;terus
trsmending;terus lebih baik
trsssinyal;terusnya
trsu;terus
trucks;truk
truninlah;turunkan
truntuk;terus untuk
trusan;terus
trusini;terus ini
truspdahal;terus padahal
trussssssini;terus sini
trussssssssssss;terus
truz;terus
ttsb;tersebut
ttt;
ttttt;
ttttttttttttttttttttttttttt;
ttttttttttttttttttttttttttttttttttttttttttttttttttttttttttttttttttttttttttttrrrtrrrrrrrrttttttttttttttttttttttttttttttftttttttttttttttttttttttttttttttttttt;
ttttttttttttttttttttttttttttttttttttttttttttttttttttttttttttttttttttttttttttttttttttttttttttttttttttttttttttttttttttt;
tttttttttttttttttttttttttttttttttttttttttttttttttttttttttttttttttttttttttttttttttttttttttttttttttttttttttttttttttttttttttttttttttttttttttttttttttttttttttttttttttttttttttt;
tuambo;
tuhhh;itu
tuhsemoga;itu semoga
tulong;tolong
tumben;tidak seperti biasanya
tunarungu;
turned;berbalik
turu;tidur
turundevelopernya;turun pengembangnya
turunngebugke;turun bug
tururn;turun
turutama;terutama
tusan;terlalu cepat
tusunya;terlalu cepat
twice;dua kali
tzy;
ubhhn;
ucccucx;
ucuc;
udag;sudah
udahanpadahal;sudah padahal
udak;sudah
udalah;sudah
udalama;sudah lama
udhh;sudah
ueis;
uemura;
ufdate;memperbarui
ugak;tidak
uhd;
uinstal;hapus instalan
ukurang;ukurannya
ulah;melakukan
ulanggame;ulang game
ulangupdate;ulang update
ulanh;ulang
ultraman;ultraman
ulyg;yang
unable;tidak dapat
unclok;membuka kunci
uncomfortable;tidak nyaman
unduhannyamisalnya;unduhan misalnya
unduhmalah;unduh bahkan
unfair;tidak adil
unfollow;berhenti mengikuti
ungah;unggah
uni;hapus instalan
uninstaj;hapus instalan
uninstaldan;hapus instalan dan
unintasendiri;hapus instalan sendiri
unkred;tidak berperingkat
unlike;tidak seperti
unranked;tidak berperingkat
unsaere;
unser;pengguna
unstal;uninstall
unt;untuk
untanked;tanpa tangki
untik;untuk
untinstal;uninstall
untk;untuk
untungan;beruntung
untungansemenjak;beruntung semenjak
untungnya;beruntung
upadete;update
updaet;update
updait;update
updatebikin;update buat
updategacha;update gacha
updategame;update game
updatejadi;update jadi
updatekan;update
updatemakan;update makan
updatemalah;update hanya
updatepubg;update pubg
updates;update
updatesemakin;update semakin
updatesinyal;update
updatetanya;update
updatetapi;update tetapi
updatexlemott;update lambat
updatpadahal;update padahal
updetbener;update benar
updeth;update
updetkukira;update kukira
updite;update
updtte;update
upged;upgrade
upgradepembharuan;upgrade pembaharuan
upgread;upgrade
upgretnya;upgrade
upgride;update
uplade;update
uppp;
upss;
uptde;update
upted;update
upupupup;
usahaka;usahakan
usahin;usahakan
useful;berguna
useratokmengerikan;penguna tiktok mengerikan
users;pengguna
usulnyatiba;usulnya tiba
utak;
utamaberanda;utama beranda
utem;
uuuuuuuuuuuu;
uuuuuuuuuuuuuuuuuuuuuuuuuuuuuuuh;
uuuuuuuxx;
uwahahahaha;haha
vanh;yang
vault;kubah
vav;wow
velume;volume
vendor;vendor
vendorvendor;vendor
ves;rompi
viapstore;via play store
vibes;
viev;melihat
viewnya;melihat
vig;
vile;keji
vino;
violation;pelanggaran
vliss;mohon
vocer;voucher
voment;moment
vss;
vua;saya
vvoovvdb;
wabarakatu;
waduhko;aduh kalau
wahay;wahai
wahhhhhhhh;wow
waifi;wifi
wak;waktu
waktunyatolong;waktunya tolong
walfa;
walikum;
wall;tembok
warfafe;informasi
warni;warna
wasalammualaikum;
watashi;saya
watching;menonton
watee;
wathefaq;apa apaan
wauuuuuu;wow
waytolong;tolong
wechat;
wefi;wifi
welll;bagus
wepeh;
wheres;dimana
white;putih
wibu;anime
wibuuuuuuuuuuuuuuuuuu;anime
wifidatajdi;wifi data jadi
wifii;wifi
wifiinternet;wifi internet
wifikalau;wifi kalau
wifiknp;wifi kenapa
wifisangat;wifi sangat
winer;menang
winnerkill;menang pembunuh
winners;menang
winning;menang
wins;menang
wipi;wifi
wkkwkwkw;haha
wkwkkw;haha
wkwkkwkwk;haha
wkwkwj;haha
wkwkwkk;haha
wkwkwkwkwkwkwkwkwkwkwkwkwkwkwkwkwkwkwkwkwkwkwkwkwkwkwkwkwk;haha
wkwkwp;haha
wkwkwwkwk;haha
wlau;walaupun
woaww;wow
wody;
wokeeehhhh;ok
wokey;ok
wonder;bertanya-tanya
worthit;setimpal
wowww;wow
woyyy;hai
wrt;
wuwwwwwwww;
wwh;
wwk;haha
xbbehhehehdhdhhehehdhehhehehehehehehhehehehehhdhhdhdhhdhehdhhhdhdhhdhdhdhdhhdhdhdhdhdhehhehdhhehehhdhdhhdgdggdgdgdgdgdgdggdgdgdggdgdgdgdgdggdgdgdgdggggdgdgdgdgdgdgdgsggdgdgdgggdgsggsgdgdg;haha
xdu;
xee;
xeed;
xhfigkd;
xtrime;ekstrim
xxxx;
yaaaaaaa;ya
yaaaaaahhhhh;ya
yaagak;ya tidak
yaapa;ya apa
yabanyak;ya banyak
yacanda;ya canda
yacivk;ya
yadan;ya dan
yag;yang
yahahah;ya
yahahahahahah;ya 
yahmaaf;ya maaf
yahsoalnya;ya karena
yaitucheater;yaitu cheat
yaitulo;yaitulo
yakarna;ya karena
yakmohon;ya mohon
yalebih;ya lebih
yamakin;ya makin
yamg;yang
yapdahal;ya padahal
yapdhal;ya padahal
yasa;ya 
yasaat;ya saat
yasaya;ya saya
yaterus;ya terus
yatpi;ya tetapi
yaudh;ya sudah
yayuyo;ya
year;tahun
yeee;ya
yefkwcw;ya
yesel;kesal
yet;ya
yeyeyeye;ya
yeyyy;ya
ygalain;yang lain
ygd;ya
yhaaa;ya
yhahaha;ya
yhh;ya
yidak;tidak
ykka;ya
yoba;
yohan;
yokoso;
yonajsbwkxhwjxhajxhjadjxhjsfjjsishdisiddjisjdjsjdhfkshdjsusdhisdhxhakahxusjdhdishdhsisjshdubfbxywhzozjxbdauxhsjidhxbsuzhxbaixhxsshayxgxbwjssjxhxbjszhxhsjsixhsjskxgdhxjxsosxhhsxv;haha
youtuber;youtube
youtubers;youtube
youuuuuuuuuu;anda
yth;
ytwaigtt;
yyhukjm;
yyy;ya
yyyyyyyyyyyy;ya
zaky;
zipelen;zip plain
zise;
zombi;zombie
zonaya;
zulkarnain;
zzzzz;
;
;
;
;
;
;
;
;
;
;
;
;
;
;
;
;
;
;
;
;
;
;
;
;
;
;
;
;
;
;
;
;
;
;
;
;
;
;
;
;
;
;
;
;
;
;
;
;
;
;
;
;
;
;
;
;
;
;
;
;
;
;
;
;
;
;
;
;
;
;
;
;
;
;
;
;
;
;
;
;
;
;
;
;
;
;
;
;
;
;
;
;
;
;
;
;
;
;
;
;
;
;
;
;
;
;
;
;
;
;
;
;
;
;
;
;
;
;
;
;
;
;
;
;
;
;
;
;
;
;
;
;
;
;
;
;
;
;
;
;
;
;
;
;
;
;
;
;
;
;
;
;
;
;
;
;
;
;
;
;
;
;
;
;
;
;
;
;
;
;
;
;
;
;
;
;
;
;
;
;
;
;
;
;
;
;
;
;
;
;
;
;
;
;
;
;
;
;
;
;
;
;
;
;
;
;
;
;
;
;
;
;
;
;
;
;
;
;
;
;
;
;
;
;
;
;
;
;
;
;
;
;
;
;
;
;
;
;
;
;
;
;
;
;
;
;
;
;
;
;
;
;
;
;
;
;
;
;
;
;
;
;
;
;
;
;
;
;
;
;
;
;
;
;
;
;
;
;
;
;
;
;
;
;
;
;
;
;
;
;
;
;
;
;
;
;
;
;
;
;
;
;
;
;
;
;
;
;
;
;
;
;
;
;
;
;
;
;
;
;
;
;
;
;
;
;
;
;
;
;
;
;
;
;
;
;
;
;
;
;
;
;
;
;
;
;
;
;
;
;
;
;
;
;
;
;
;
;
;
;
;
;
;
;
;
;
;
;
;
;
;
;
;
;
;
;
;
;
;
;
;
;
;
;
;
;
;
;
;
;
;
;
;
;
;
;
;
;
;
;
;
;
;
;
;
;
;
;
;
;
;
;
;
;
;
;
;
;
;
;
;
;
;
;
;
;
;
;
;
;
;
;
;
;
;
;
;
;
;
;
;
;
;
;
;
;
;
;
;
;
;
;
;
;
;
;
;
;
;
;
;
;
;
;
;
;
;
;
;
;
;
;
;
;
;
;
;
;
;
;
;
;
;
;
;
;
;
;
;
;
;
;
;
;
;
;
;
;
;
;
;
;
;
;
;
;
;
;merah
